Tamanho,Repeticao,Fonte,Algoritmo,Tempo_s,CO2_kg
100,1,82,Dijkstra Classico,0.002118349075317383,1.3546420858581617e-08
100,1,82,Dijkstra Min-Heap,0.0016851425170898438,1.1352429759604719e-08
100,1,82,NetworkX Referencia,0.0010883808135986328,2.0981405136435972e-08
100,1,65,Dijkstra Classico,0.0014052391052246094,1.077904083222369e-08
100,1,65,Dijkstra Min-Heap,0.0019676685333251953,1.3361665162269098e-08
100,1,65,NetworkX Referencia,0.000774383544921875,7.388587146327823e-09
100,1,51,Dijkstra Classico,0.0013942718505859375,1.0595835542010283e-08
100,1,51,Dijkstra Min-Heap,0.0011065006256103516,9.07422201878874e-09
100,1,51,NetworkX Referencia,0.0007295608520507812,7.155643322762518e-09
100,1,86,Dijkstra Classico,0.0014026165008544922,1.0327073962849485e-08
100,1,86,Dijkstra Min-Heap,0.0010797977447509766,8.955734422473239e-09
100,1,86,NetworkX Referencia,0.001016855239868164,7.95852431767444e-09
100,1,68,Dijkstra Classico,0.0021834373474121094,1.384692904685542e-08
100,1,68,Dijkstra Min-Heap,0.0011005401611328125,9.400095655656264e-09
100,1,68,NetworkX Referencia,0.0007171630859375,7.037561449040078e-09
100,2,42,Dijkstra Classico,0.001430511474609375,1.0671173562683193e-08
100,2,42,Dijkstra Min-Heap,0.0011134147644042969,9.30796784101024e-09
100,2,42,NetworkX Referencia,0.0005939006805419922,6.736188207603633e-09
100,2,3,Dijkstra Classico,0.0014634132385253906,1.1156919828183805e-08
100,2,3,Dijkstra Min-Heap,0.0011179447174072266,9.554214040915339e-09
100,2,3,NetworkX Referencia,0.0007169246673583984,6.829657867107666e-09
100,2,14,Dijkstra Classico,0.0020895004272460938,1.3311772608218432e-08
100,2,14,Dijkstra Min-Heap,0.0024268627166748047,1.51922645569207e-08
100,2,14,NetworkX Referencia,0.0016598701477050781,1.2508350328994698e-08
100,2,33,Dijkstra Classico,0.0014929771423339844,1.128117135967599e-08
100,2,33,Dijkstra Min-Heap,0.0011546611785888672,9.331617504383904e-09
100,2,33,NetworkX Referencia,0.0007407665252685547,7.456335081807632e-09
100,2,22,Dijkstra Classico,0.0013854503631591797,1.059110764774619e-08
100,2,22,Dijkstra Min-Heap,0.0011332035064697266,9.292659393858827e-09
100,2,22,NetworkX Referencia,0.0007159709930419922,7.58719814933613e-09
100,3,74,Dijkstra Classico,0.0013811588287353516,1.093756430545922e-08
100,3,74,Dijkstra Min-Heap,0.0025968551635742188,2.4675491348695375e-08
100,3,74,NetworkX Referencia,0.001096487045288086,8.28745030419773e-09
100,3,33,Dijkstra Classico,0.0022249221801757812,1.4052658677602602e-08
100,3,33,Dijkstra Min-Heap,0.001107931137084961,1.0135811978095783e-08
100,3,33,NetworkX Referencia,0.0007116794586181641,7.368019674715843e-09
100,3,4,Dijkstra Classico,0.001477956771850586,1.113229768041908e-08
100,3,4,Dijkstra Min-Heap,0.0011327266693115234,9.206229051650564e-09
100,3,4,NetworkX Referencia,0.0007293224334716797,7.028941386817842e-09
100,3,13,Dijkstra Classico,0.0013959407806396484,1.0410245096071427e-08
100,3,13,Dijkstra Min-Heap,0.0016133785247802734,1.1490657604603052e-08
100,3,13,NetworkX Referencia,0.0006818771362304688,7.064873120130217e-09
100,3,76,Dijkstra Classico,0.0022461414337158203,1.4390446514106178e-08
100,3,76,Dijkstra Min-Heap,0.0016667842864990234,2.1212643805325625e-08
100,3,76,NetworkX Referencia,0.0010688304901123047,9.558111073743753e-09
100,4,55,Dijkstra Classico,0.0014433860778808594,1.0737142166126447e-08
100,4,55,Dijkstra Min-Heap,0.0011749267578125,9.382563773983749e-09
100,4,55,NetworkX Referencia,0.0007266998291015625,7.038850185289818e-09
100,4,44,Dijkstra Classico,0.0014319419860839844,1.0598049730278133e-08
100,4,44,Dijkstra Min-Heap,0.001276254653930664,9.98723028281187e-09
100,4,44,NetworkX Referencia,0.0006852149963378906,7.186703834298047e-09
100,4,93,Dijkstra Classico,0.0013782978057861328,1.0928572688549437e-08
100,4,93,Dijkstra Min-Heap,0.0011360645294189453,9.684173475113032e-09
100,4,93,NetworkX Referencia,0.0010635852813720703,8.172629344018986e-09
100,4,40,Dijkstra Classico,0.002196788787841797,1.4109166144160113e-08
100,4,40,Dijkstra Min-Heap,0.002454996109008789,1.618530189114971e-08
100,4,40,NetworkX Referencia,0.0007443428039550781,7.078699313480117e-09
100,4,77,Dijkstra Classico,0.0014119148254394531,1.1645576291019157e-08
100,4,77,Dijkstra Min-Heap,0.0019378662109375,1.5113875884973467e-08
100,4,77,NetworkX Referencia,0.0007481575012207031,7.265042061228479e-09
100,5,65,Dijkstra Classico,0.0014727115631103516,1.0772441899501093e-08
100,5,65,Dijkstra Min-Heap,0.0011539459228515625,9.730598753010871e-09
100,5,65,NetworkX Referencia,0.0007207393646240234,6.843496200576343e-09
100,5,14,Dijkstra Classico,0.006795644760131836,5.7310820487689217e-08
100,5,14,Dijkstra Min-Heap,0.0016436576843261719,1.1052797786168175e-08
100,5,14,NetworkX Referencia,0.0009920597076416016,7.712016208823152e-09
100,5,49,Dijkstra Classico,0.0024559497833251953,1.55849350021339e-08
100,5,49,Dijkstra Min-Heap,0.0011119842529296875,9.052828776474029e-09
100,5,49,NetworkX Referencia,0.0007338523864746094,7.039999965704751e-09
100,5,73,Dijkstra Classico,0.0013952255249023438,1.0605893502486688e-08
100,5,73,Dijkstra Min-Heap,0.0011391639709472656,9.33680303524752e-09
100,5,73,NetworkX Referencia,0.0006978511810302734,7.0515302464363504e-09
100,5,24,Dijkstra Classico,0.0013823509216308594,1.0481792084974819e-08
100,5,24,Dijkstra Min-Heap,0.0010714530944824219,8.779827718731776e-09
100,5,24,NetworkX Referencia,0.0009987354278564453,7.8460683885039e-09
100,6,32,Dijkstra Classico,0.004616975784301758,4.444750839492029e-08
100,6,32,Dijkstra Min-Heap,0.002512216567993164,1.555360164584025e-08
100,6,32,NetworkX Referencia,0.0008006095886230469,8.476936800109454e-09
100,6,5,Dijkstra Classico,0.0023109912872314453,1.5156142453135312e-08
100,6,5,Dijkstra Min-Heap,0.0011165142059326172,8.879354295239728e-09
100,6,5,NetworkX Referencia,0.0006775856018066406,7.2621953842419556e-09
100,6,90,Dijkstra Classico,0.0014040470123291016,1.0752964298229526e-08
100,6,90,Dijkstra Min-Heap,0.0011529922485351562,9.335361743759568e-09
100,6,90,NetworkX Referencia,0.0007212162017822266,6.769784496153667e-09
100,6,55,Dijkstra Classico,0.001455545425415039,1.0594811616512738e-08
100,6,55,Dijkstra Min-Heap,0.001462697982788086,1.2328039963034916e-08
100,6,55,NetworkX Referencia,0.0010371208190917969,7.844695491057196e-09
100,6,0,Dijkstra Classico,0.0025174617767333984,1.928680676167464e-08
100,6,0,Dijkstra Min-Heap,0.0011324882507324219,8.989217215029127e-09
100,6,0,NetworkX Referencia,0.0006334781646728516,7.181394874776249e-09
100,7,66,Dijkstra Classico,0.0015363693237304688,1.1610607117374283e-08
100,7,66,Dijkstra Min-Heap,0.0017464160919189453,1.169515913440595e-08
100,7,66,NetworkX Referencia,0.0007503032684326172,7.073176712571579e-09
100,7,68,Dijkstra Classico,0.0015594959259033203,1.1182825375310299e-08
100,7,68,Dijkstra Min-Heap,0.0016489028930664062,1.1822752081839918e-08
100,7,68,NetworkX Referencia,0.0006871223449707031,7.17201645391926e-09
100,7,87,Dijkstra Classico,0.002162933349609375,1.3784984313131235e-08
100,7,87,Dijkstra Min-Heap,0.0017008781433105469,1.1386208420795157e-08
100,7,87,NetworkX Referencia,0.0010936260223388672,8.25865732069465e-09
100,7,92,Dijkstra Classico,0.0014445781707763672,1.0754804284099334e-08
100,7,92,Dijkstra Min-Heap,0.0011513233184814453,9.453925492852112e-09
100,7,92,NetworkX Referencia,0.0006837844848632812,7.490065741885995e-09
100,7,94,Dijkstra Classico,0.0014574527740478516,1.0931824603759458e-08
100,7,94,Dijkstra Min-Heap,0.0012226104736328125,9.575298580125454e-09
100,7,94,NetworkX Referencia,0.0006773471832275391,7.57489302552361e-09
100,8,94,Dijkstra Classico,0.0014750957489013672,1.0886349062528665e-08
100,8,94,Dijkstra Min-Heap,0.0011374950408935547,9.533415921163021e-09
100,8,94,NetworkX Referencia,0.0010628700256347656,8.325250640886643e-09
100,8,85,Dijkstra Classico,0.0022096633911132812,1.4145665372441904e-08
100,8,85,Dijkstra Min-Heap,0.0019459724426269531,1.4126864397514158e-08
100,8,85,NetworkX Referencia,0.0006670951843261719,6.876640203531242e-09
100,8,25,Dijkstra Classico,0.0014717578887939453,1.0880713659977253e-08
100,8,25,Dijkstra Min-Heap,0.002638101577758789,1.6618322031824213e-08
100,8,25,NetworkX Referencia,0.0007250308990478516,7.079988057670342e-09
100,8,46,Dijkstra Classico,0.0014586448669433594,1.072328612714152e-08
100,8,46,Dijkstra Min-Heap,0.0011205673217773438,9.210551202146972e-09
100,8,46,NetworkX Referencia,0.0007226467132568359,7.067480915576082e-09
100,8,55,Dijkstra Classico,0.004029512405395508,2.8983020570140344e-08
100,8,55,Dijkstra Min-Heap,0.001791238784790039,1.1855402805124187e-08
100,8,55,NetworkX Referencia,0.001073598861694336,8.287407853484436e-09
100,9,8,Dijkstra Classico,0.0022029876708984375,2.45369322125604e-08
100,9,8,Dijkstra Min-Heap,0.0011219978332519531,9.151575630914373e-09
100,9,8,NetworkX Referencia,0.0007584095001220703,8.298984960136382e-09
100,9,85,Dijkstra Classico,0.00148773193359375,1.0990341596121683e-08
100,9,85,Dijkstra Min-Heap,0.001127481460571289,9.102190190623179e-09
100,9,85,NetworkX Referencia,0.0007104873657226562,7.055440364301217e-09
100,9,42,Dijkstra Classico,0.00146484375,1.0768194203400286e-08
100,9,42,Dijkstra Min-Heap,0.0011060237884521484,8.840643771673334e-09
100,9,42,NetworkX Referencia,0.0010335445404052734,7.885869261486613e-09
100,9,79,Dijkstra Classico,0.0022077560424804688,1.4128738103093232e-08
100,9,79,Dijkstra Min-Heap,0.002386331558227539,1.4971258450060195e-08
100,9,79,NetworkX Referencia,0.0007433891296386719,6.948345313070319e-09
100,9,40,Dijkstra Classico,0.001486063003540039,1.1012405903794125e-08
100,9,40,Dijkstra Min-Heap,0.0011491775512695312,9.193115356225098e-09
100,9,40,NetworkX Referencia,0.0006847381591796875,7.101180043107564e-09
100,10,84,Dijkstra Classico,0.001569986343383789,1.172938305915625e-08
100,10,84,Dijkstra Min-Heap,0.0010867118835449219,9.463767613309804e-09
100,10,84,NetworkX Referencia,0.0007770061492919922,7.269867201725987e-09
100,10,15,Dijkstra Classico,0.0015320777893066406,1.1378153651381257e-08
100,10,15,Dijkstra Min-Heap,0.001672506332397461,1.146150692432272e-08
100,10,15,NetworkX Referencia,0.0010058879852294922,8.248990306451619e-09
100,10,92,Dijkstra Classico,0.0023450851440429688,1.4699902413703214e-08
100,10,92,Dijkstra Min-Heap,0.0011098384857177734,9.383640570757297e-09
100,10,92,NetworkX Referencia,0.0007991790771484375,7.491505329698848e-09
100,10,38,Dijkstra Classico,0.0015859603881835938,1.1656928566376921e-08
100,10,38,Dijkstra Min-Heap,0.0011456012725830078,9.089011262351639e-09
100,10,38,NetworkX Referencia,0.0007309913635253906,6.996675555588531e-09
100,10,64,Dijkstra Classico,0.0014297962188720703,1.1180416211970602e-08
100,10,64,Dijkstra Min-Heap,0.0019872188568115234,1.3883341679740557e-08
100,10,64,NetworkX Referencia,0.0006883144378662109,7.494363892708639e-09
100,11,39,Dijkstra Classico,0.002171754837036133,1.4101574612916529e-08
100,11,39,Dijkstra Min-Heap,0.001684427261352539,1.1334481701249943e-08
100,11,39,NetworkX Referencia,0.001071929931640625,8.436730690667798e-09
100,11,85,Dijkstra Classico,0.0014476776123046875,1.1031230176103879e-08
100,11,85,Dijkstra Min-Heap,0.0010983943939208984,8.817280526875188e-09
100,11,85,NetworkX Referencia,0.0006909370422363281,6.781733377179902e-09
100,11,52,Dijkstra Classico,0.0014243125915527344,1.0552043543220425e-08
100,11,52,Dijkstra Min-Heap,0.0011143684387207031,9.165152039555893e-09
100,11,52,NetworkX Referencia,0.0007417201995849609,7.1869677010148445e-09
100,11,41,Dijkstra Classico,0.0014562606811523438,1.0757654353437362e-08
100,11,41,Dijkstra Min-Heap,0.0011217594146728516,9.307533514144588e-09
100,11,41,NetworkX Referencia,0.0010306835174560547,8.142196438686338e-09
100,11,51,Dijkstra Classico,0.006326436996459961,5.6803458334859814e-08
100,11,51,Dijkstra Min-Heap,0.0017657279968261719,1.1499126115617246e-08
100,11,51,NetworkX Referencia,0.0006659030914306641,7.0750571860904175e-09
100,12,89,Dijkstra Classico,0.0014719963073730469,1.0945219859948385e-08
100,12,89,Dijkstra Min-Heap,0.001779317855834961,1.2488981108280598e-08
100,12,89,NetworkX Referencia,0.0009007453918457031,9.302745220142753e-09
100,12,37,Dijkstra Classico,0.0016052722930908203,1.184862319284897e-08
100,12,37,Dijkstra Min-Heap,0.0017588138580322266,1.1509081949108997e-08
100,12,37,NetworkX Referencia,0.0006732940673828125,7.280466958234329e-09
100,12,70,Dijkstra Classico,0.002295970916748047,1.4450209556437138e-08
100,12,70,Dijkstra Min-Heap,0.0019345283508300781,1.2965881999424329e-08
100,12,70,NetworkX Referencia,0.0010731220245361328,8.306586687844553e-09
100,12,16,Dijkstra Classico,0.0014340877532958984,1.0628649459899936e-08
100,12,16,Dijkstra Min-Heap,0.0011224746704101562,8.978892733067218e-09
100,12,16,NetworkX Referencia,0.0006470680236816406,6.989647381439574e-09
100,12,24,Dijkstra Classico,0.001493692398071289,1.108005659304052e-08
100,12,24,Dijkstra Min-Heap,0.0011363029479980469,9.312295593077437e-09
100,12,24,NetworkX Referencia,0.000713348388671875,6.993896298610468e-09
100,13,53,Dijkstra Classico,0.0014433860778808594,1.1527040673299228e-08
100,13,53,Dijkstra Min-Heap,0.0011286735534667969,9.296803769255451e-09
100,13,53,NetworkX Referencia,0.0009903907775878906,7.626169614874135e-09
100,13,85,Dijkstra Classico,0.0022301673889160156,1.433645881566381e-08
100,13,85,Dijkstra Min-Heap,0.003360748291015625,2.0060692295135906e-08
100,13,85,NetworkX Referencia,0.0007033348083496094,6.891052079089544e-09
100,13,48,Dijkstra Classico,0.0014407634735107422,1.0730997234143674e-08
100,13,48,Dijkstra Min-Heap,0.0011637210845947266,1.0445939407127766e-08
100,13,48,NetworkX Referencia,0.0007112026214599609,7.291557549626303e-09
100,13,86,Dijkstra Classico,0.0014505386352539062,1.0833048407463724e-08
100,13,86,Dijkstra Min-Heap,0.0012028217315673828,1.1125577016537469e-08
100,13,86,NetworkX Referencia,0.0008380413055419922,7.819305289325942e-09
100,13,95,Dijkstra Classico,0.001466512680053711,1.1304828041555823e-08
100,13,95,Dijkstra Min-Heap,0.0016341209411621094,1.1418167961062659e-08
100,13,95,NetworkX Referencia,0.000995635986328125,7.838185812911338e-09
100,14,22,Dijkstra Classico,0.002294778823852539,1.4397731284134805e-08
100,14,22,Dijkstra Min-Heap,0.0011222362518310547,9.319028383843687e-09
100,14,22,NetworkX Referencia,0.0007672309875488281,7.022904373079875e-09
100,14,78,Dijkstra Classico,0.0013775825500488281,1.0610843057144755e-08
100,14,78,Dijkstra Min-Heap,0.001168966293334961,9.28919622381885e-09
100,14,78,NetworkX Referencia,0.0007736682891845703,7.1706134708584355e-09
100,14,72,Dijkstra Classico,0.0014197826385498047,1.0876005906311374e-08
100,14,72,Dijkstra Min-Heap,0.0016252994537353516,1.178363220246759e-08
100,14,72,NetworkX Referencia,0.0010311603546142578,8.148926092078867e-09
100,14,38,Dijkstra Classico,0.0023114681243896484,1.4711357026909618e-08
100,14,38,Dijkstra Min-Heap,0.0017685890197753906,1.177149102054829e-08
100,14,38,NetworkX Referencia,0.0016560554504394531,1.2063864401969598e-08
100,14,51,Dijkstra Classico,0.001390218734741211,1.0409196690059657e-08
100,14,51,Dijkstra Min-Heap,0.0011315345764160156,9.185088499379346e-09
100,14,51,NetworkX Referencia,0.0010309219360351562,8.179501073856797e-09
100,15,70,Dijkstra Classico,0.0014605522155761719,1.0768069288106918e-08
100,15,70,Dijkstra Min-Heap,0.0013535022735595703,1.1196968310182103e-08
100,15,70,NetworkX Referencia,0.0006976127624511719,6.951111468248685e-09
100,15,0,Dijkstra Classico,0.0014796257019042969,1.2169124836862875e-08
100,15,0,Dijkstra Min-Heap,0.0016739368438720703,1.1176587567889779e-08
100,15,0,NetworkX Referencia,0.001028299331665039,7.99783604003855e-09
100,15,38,Dijkstra Classico,0.002632617950439453,2.0182916869694985e-08
100,15,38,Dijkstra Min-Heap,0.0011494159698486328,9.269988772834276e-09
100,15,38,NetworkX Referencia,0.0007026195526123047,7.306999424270641e-09
100,15,36,Dijkstra Classico,0.0014467239379882812,1.1230974460082257e-08
100,15,36,Dijkstra Min-Heap,0.0016393661499023438,1.1663570906200073e-08
100,15,36,NetworkX Referencia,0.0007212162017822266,7.560549539595173e-09
100,15,26,Dijkstra Classico,0.0014214515686035156,1.0764481479808257e-08
100,15,26,Dijkstra Min-Heap,0.001104116439819336,9.431248831765559e-09
100,15,26,NetworkX Referencia,0.0007424354553222656,7.078299411262317e-09
500,1,47,Dijkstra Classico,0.03834271430969238,1.9828002970632958e-07
500,1,47,Dijkstra Min-Heap,0.011280059814453125,6.0606849939012e-08
500,1,47,NetworkX Referencia,0.007931947708129883,4.491910833584442e-08
500,1,463,Dijkstra Classico,0.02290034294128418,1.2083667962871718e-07
500,1,463,Dijkstra Min-Heap,0.006806612014770508,3.8154919463060826e-08
500,1,463,NetworkX Referencia,0.004116058349609375,2.471423799440879e-08
500,1,433,Dijkstra Classico,0.023530960083007812,1.2366064595917576e-07
500,1,433,Dijkstra Min-Heap,0.007577657699584961,4.259868764631272e-08
500,1,433,NetworkX Referencia,0.004403114318847656,2.591824117789132e-08
500,1,424,Dijkstra Classico,0.022261857986450195,1.1767208705434216e-07
500,1,424,Dijkstra Min-Heap,0.008528709411621094,4.752661672083619e-08
500,1,424,NetworkX Referencia,0.006391763687133789,3.660243506560535e-08
500,1,414,Dijkstra Classico,0.06277155876159668,3.412402840183266e-07
500,1,414,Dijkstra Min-Heap,0.014319181442260742,7.770623883902397e-08
500,1,414,NetworkX Referencia,0.003916263580322266,2.3710031481811073e-08
500,2,169,Dijkstra Classico,0.0397336483001709,2.0685874025069446e-07
500,2,169,Dijkstra Min-Heap,0.008031368255615234,4.4776122021304655e-08
500,2,169,NetworkX Referencia,0.003833293914794922,2.3878008566999712e-08
500,2,62,Dijkstra Classico,0.02255415916442871,1.1882676955395047e-07
500,2,62,Dijkstra Min-Heap,0.00703883171081543,3.9808851879032586e-08
500,2,62,NetworkX Referencia,0.00410008430480957,2.4434287601825258e-08
500,2,21,Dijkstra Classico,0.04317760467529297,2.232837092990585e-07
500,2,21,Dijkstra Min-Heap,0.01340937614440918,7.165307379616154e-08
500,2,21,NetworkX Referencia,0.006493330001831055,3.617662161529149e-08
500,2,482,Dijkstra Classico,0.022620677947998047,1.1880681758106682e-07
500,2,482,Dijkstra Min-Heap,0.007139921188354492,4.0705086374745204e-08
500,2,482,NetworkX Referencia,0.003972768783569336,2.4037642542601638e-08
500,2,236,Dijkstra Classico,0.022040843963623047,1.1618787639273319e-07
500,2,236,Dijkstra Min-Heap,0.0067174434661865234,3.800395623820613e-08
500,2,236,NetworkX Referencia,0.004820823669433594,3.2697453092986013e-08
500,3,25,Dijkstra Classico,0.021879196166992188,1.1522484218245751e-07
500,3,25,Dijkstra Min-Heap,0.009070873260498047,5.0661452573319814e-08
500,3,25,NetworkX Referencia,0.006808757781982422,3.7629792860585845e-08
500,3,86,Dijkstra Classico,0.039977073669433594,2.0668801543313417e-07
500,3,86,Dijkstra Min-Heap,0.011897802352905273,6.363156871002625e-08
500,3,86,NetworkX Referencia,0.0038607120513916016,2.3467699530587412e-08
500,3,473,Dijkstra Classico,0.022032737731933594,1.170471639729918e-07
500,3,473,Dijkstra Min-Heap,0.007311344146728516,4.123760079621197e-08
500,3,473,NetworkX Referencia,0.0042858123779296875,2.5735714224755042e-08
500,3,293,Dijkstra Classico,0.02257680892944336,1.1920476303140712e-07
500,3,293,Dijkstra Min-Heap,0.006908893585205078,3.9115713509978773e-08
500,3,293,NetworkX Referencia,0.004028797149658203,2.5301222246430353e-08
500,3,221,Dijkstra Classico,0.06875038146972656,3.618223691182991e-07
500,3,221,Dijkstra Min-Heap,0.01118612289428711,6.015967574149353e-08
500,3,221,NetworkX Referencia,0.006738901138305664,3.753152351513131e-08
500,4,420,Dijkstra Classico,0.034571170806884766,1.8306103795092665e-07
500,4,420,Dijkstra Min-Heap,0.007055044174194336,3.988173660403431e-08
500,4,420,NetworkX Referencia,0.003848552703857422,2.363128703821298e-08
500,4,370,Dijkstra Classico,0.022473812103271484,1.19208846313597e-07
500,4,370,Dijkstra Min-Heap,0.007054328918457031,3.975255589228543e-08
500,4,370,NetworkX Referencia,0.003919363021850586,2.396065876472521e-08
500,4,202,Dijkstra Classico,0.023453950881958008,1.2294238806539647e-07
500,4,202,Dijkstra Min-Heap,0.006738901138305664,3.799096356723655e-08
500,4,202,NetworkX Referencia,0.006305217742919922,3.528135670216393e-08
500,4,254,Dijkstra Classico,0.038637638092041016,2.0062511449938244e-07
500,4,254,Dijkstra Min-Heap,0.012605905532836914,6.716634107702801e-08
500,4,254,NetworkX Referencia,0.004169940948486328,2.4705571368302203e-08
500,4,15,Dijkstra Classico,0.0223696231842041,1.1788212502002469e-07
500,4,15,Dijkstra Min-Heap,0.007141828536987305,4.0135869732682114e-08
500,4,15,NetworkX Referencia,0.003906726837158203,2.329754828070274e-08
500,5,195,Dijkstra Classico,0.0220639705657959,1.1635373870805109e-07
500,5,195,Dijkstra Min-Heap,0.007471561431884766,4.209740615077183e-08
500,5,195,NetworkX Referencia,0.003965616226196289,2.3732278400338452e-08
500,5,349,Dijkstra Classico,0.0392603874206543,2.0314250289538688e-07
500,5,349,Dijkstra Min-Heap,0.011120080947875977,5.972069621237687e-08
500,5,349,NetworkX Referencia,0.006744861602783203,3.770910236760049e-08
500,5,218,Dijkstra Classico,0.02217245101928711,1.1692846004081843e-07
500,5,218,Dijkstra Min-Heap,0.007138967514038086,4.010711143233378e-08
500,5,218,NetworkX Referencia,0.003893613815307617,2.333785893191867e-08
500,5,88,Dijkstra Classico,0.025199174880981445,1.318703602039799e-07
500,5,88,Dijkstra Min-Heap,0.0069010257720947266,3.885436328452402e-08
500,5,88,NetworkX Referencia,0.004258155822753906,2.5509306746129924e-08
500,5,181,Dijkstra Classico,0.023255586624145508,1.2253149868895742e-07
500,5,181,Dijkstra Min-Heap,0.008598089218139648,4.814256082388152e-08
500,5,181,NetworkX Referencia,0.005982160568237305,3.340681592085536e-08
500,6,109,Dijkstra Classico,0.04051017761230469,2.095449402283007e-07
500,6,109,Dijkstra Min-Heap,0.022713661193847656,1.3495967709313347e-07
500,6,109,NetworkX Referencia,0.003904581069946289,2.34697607083626e-08
500,6,465,Dijkstra Classico,0.02221083641052246,1.1703992649207845e-07
500,6,465,Dijkstra Min-Heap,0.007261514663696289,4.071681722594351e-08
500,6,465,NetworkX Referencia,0.004090070724487305,2.4255004803398656e-08
500,6,95,Dijkstra Classico,0.022183656692504883,1.1685944616180896e-07
500,6,95,Dijkstra Min-Heap,0.007413625717163086,4.1138472215323226e-08
500,6,95,NetworkX Referencia,0.006422519683837891,3.565867379943177e-08
500,6,140,Dijkstra Classico,0.04502606391906738,2.356303217989824e-07
500,6,140,Dijkstra Min-Heap,0.012070655822753906,6.480142703392883e-08
500,6,140,NetworkX Referencia,0.006752967834472656,3.753891620781612e-08
500,6,143,Dijkstra Classico,0.041643381118774414,2.1500569952089515e-07
500,6,143,Dijkstra Min-Heap,0.006953239440917969,3.907086875467382e-08
500,6,143,NetworkX Referencia,0.003949403762817383,2.3412758021127094e-08
500,7,228,Dijkstra Classico,0.022554397583007812,1.1859800917649544e-07
500,7,228,Dijkstra Min-Heap,0.0070645809173583984,3.985944407624529e-08
500,7,228,NetworkX Referencia,0.003919363021850586,2.3646838748288038e-08
500,7,452,Dijkstra Classico,0.022910356521606445,1.2048292101423758e-07
500,7,452,Dijkstra Min-Heap,0.007005453109741211,3.9317394560218605e-08
500,7,452,NetworkX Referencia,0.0063762664794921875,3.5301951841953583e-08
500,7,76,Dijkstra Classico,0.04339885711669922,2.2408177387653646e-07
500,7,76,Dijkstra Min-Heap,0.015298128128051758,8.218042388694722e-08
500,7,76,NetworkX Referencia,0.00419306755065918,2.5068756681785527e-08
500,7,17,Dijkstra Classico,0.02266693115234375,1.194056932382398e-07
500,7,17,Dijkstra Min-Heap,0.007008790969848633,3.961609890065058e-08
500,7,17,NetworkX Referencia,0.003917217254638672,2.3582893490621914e-08
500,7,314,Dijkstra Classico,0.02265334129333496,1.1936771997632268e-07
500,7,314,Dijkstra Min-Heap,0.007311105728149414,4.082263277129695e-08
500,7,314,NetworkX Referencia,0.0040493011474609375,2.4414158825227775e-08
500,8,317,Dijkstra Classico,0.02274608612060547,1.1980327345892972e-07
500,8,317,Dijkstra Min-Heap,0.012031316757202148,6.420843827563123e-08
500,8,317,NetworkX Referencia,0.006138801574707031,3.428041013172395e-08
500,8,315,Dijkstra Classico,0.04503226280212402,2.358059069113304e-07
500,8,315,Dijkstra Min-Heap,0.0074310302734375,4.254535497609589e-08
500,8,315,NetworkX Referencia,0.0039370059967041016,2.365336588932422e-08
500,8,125,Dijkstra Classico,0.023632526397705078,1.2428120591007062e-07
500,8,125,Dijkstra Min-Heap,0.011688947677612305,6.392492769528383e-08
500,8,125,NetworkX Referencia,0.0039861202239990234,2.387044296408539e-08
500,8,331,Dijkstra Classico,0.02274632453918457,1.193812942022132e-07
500,8,331,Dijkstra Min-Heap,0.007458209991455078,4.1603278239630155e-08
500,8,331,NetworkX Referencia,0.006253719329833984,3.5241354057936774e-08
500,8,151,Dijkstra Classico,0.04093527793884277,2.128595293670437e-07
500,8,151,Dijkstra Min-Heap,0.011633634567260742,7.35340022747728e-08
500,8,151,NetworkX Referencia,0.004636049270629883,2.7266842694880076e-08
500,9,255,Dijkstra Classico,0.022156953811645508,1.1681600071135589e-07
500,9,255,Dijkstra Min-Heap,0.007085561752319336,3.96056696334062e-08
500,9,255,NetworkX Referencia,0.004010915756225586,2.405192514089367e-08
500,9,210,Dijkstra Classico,0.023188114166259766,1.2233244433957515e-07
500,9,210,Dijkstra Min-Heap,0.007281064987182617,4.101370266161019e-08
500,9,210,NetworkX Referencia,0.0039520263671875,2.3740006015608225e-08
500,9,451,Dijkstra Classico,0.02247166633605957,1.1812764996806216e-07
500,9,451,Dijkstra Min-Heap,0.016307830810546875,1.0750227378151143e-07
500,9,451,NetworkX Referencia,0.006027698516845703,3.339840538949563e-08
500,9,281,Dijkstra Classico,0.04301142692565918,2.2374468473739498e-07
500,9,281,Dijkstra Min-Heap,0.00698542594909668,3.9063793286115926e-08
500,9,281,NetworkX Referencia,0.0039250850677490234,2.372448145493252e-08
500,9,245,Dijkstra Classico,0.02207326889038086,1.1619463877592124e-07
500,9,245,Dijkstra Min-Heap,0.007246494293212891,4.045812209210812e-08
500,9,245,NetworkX Referencia,0.00404810905456543,2.436144967892243e-08
500,10,31,Dijkstra Classico,0.022841691970825195,1.2004406152407445e-07
500,10,31,Dijkstra Min-Heap,0.00709986686706543,4.039495530985353e-08
500,10,31,NetworkX Referencia,0.006242036819458008,3.4817956562723824e-08
500,10,44,Dijkstra Classico,0.03959250450134277,2.050277028615556e-07
500,10,44,Dijkstra Min-Heap,0.013186931610107422,7.041372333609355e-08
500,10,44,NetworkX Referencia,0.0039119720458984375,2.3296399715181963e-08
500,10,143,Dijkstra Classico,0.022849321365356445,1.2029955445189836e-07
500,10,143,Dijkstra Min-Heap,0.007653236389160156,4.2450533509072414e-08
500,10,143,NetworkX Referencia,0.003924131393432617,2.4111438390575763e-08
500,10,196,Dijkstra Classico,0.024613142013549805,1.292703635607127e-07
500,10,196,Dijkstra Min-Heap,0.007258892059326172,4.152672517305203e-08
500,10,196,NetworkX Referencia,0.003870725631713867,2.3858341066390552e-08
500,10,70,Dijkstra Classico,0.03541111946105957,1.8413643447205868e-07
500,10,70,Dijkstra Min-Heap,0.01118922233581543,6.00176219063008e-08
500,10,70,NetworkX Referencia,0.00606226921081543,3.381600328616844e-08
500,11,214,Dijkstra Classico,0.04372286796569824,2.285161432724705e-07
500,11,214,Dijkstra Min-Heap,0.007486581802368164,4.1683273352794504e-08
500,11,214,NetworkX Referencia,0.003999948501586914,2.4107127155598943e-08
500,11,102,Dijkstra Classico,0.023136615753173828,1.2230233668178805e-07
500,11,102,Dijkstra Min-Heap,0.0071620941162109375,4.018790370134096e-08
500,11,102,NetworkX Referencia,0.004045724868774414,2.436431357705564e-08
500,11,329,Dijkstra Classico,0.024226903915405273,1.271218438871487e-07
500,11,329,Dijkstra Min-Heap,0.0074388980865478516,4.1977171456376135e-08
500,11,329,NetworkX Referencia,0.006494283676147461,4.286037593966662e-08
500,11,452,Dijkstra Classico,0.038755178451538086,2.0041948404705326e-07
500,11,452,Dijkstra Min-Heap,0.01446843147277832,7.861155443032123e-08
500,11,452,NetworkX Referencia,0.0062122344970703125,3.569949423064545e-08
500,11,408,Dijkstra Classico,0.02201056480407715,1.1601579249681633e-07
500,11,408,Dijkstra Min-Heap,0.007424354553222656,4.1533322161238157e-08
500,11,408,NetworkX Referencia,0.003976583480834961,2.4058951637835805e-08
500,12,269,Dijkstra Classico,0.02238178253173828,1.1783063210540362e-07
500,12,269,Dijkstra Min-Heap,0.5749955177307129,2.9320597284790614e-06
500,12,269,NetworkX Referencia,0.004158496856689453,2.4958151881631605e-08
500,12,127,Dijkstra Classico,0.02319812774658203,1.221222768619409e-07
500,12,127,Dijkstra Min-Heap,0.011856794357299805,6.343773772968158e-08
500,12,127,NetworkX Referencia,0.006064891815185547,3.415423518633642e-08
500,12,322,Dijkstra Classico,0.041120052337646484,2.1349669620549427e-07
500,12,322,Dijkstra Min-Heap,0.006951570510864258,3.935524145549821e-08
500,12,322,NetworkX Referencia,0.004706859588623047,2.7449070140875273e-08
500,12,410,Dijkstra Classico,0.0220944881439209,1.1627102449502052e-07
500,12,410,Dijkstra Min-Heap,0.007125139236450195,4.003644648746566e-08
500,12,410,NetworkX Referencia,0.0041904449462890625,2.535022693518821e-08
500,12,278,Dijkstra Classico,0.022297382354736328,1.1745978151298422e-07
500,12,278,Dijkstra Min-Heap,0.0070302486419677734,3.964949024617369e-08
500,12,278,NetworkX Referencia,0.006433248519897461,3.659549930546375e-08
500,13,406,Dijkstra Classico,0.039132118225097656,2.0234019570724743e-07
500,13,406,Dijkstra Min-Heap,0.012299060821533203,6.568267465182664e-08
500,13,406,NetworkX Referencia,0.004090785980224609,2.470810786701853e-08
500,13,9,Dijkstra Classico,0.023138761520385742,1.2152899393339018e-07
500,13,9,Dijkstra Min-Heap,0.00715947151184082,4.0502826441116395e-08
500,13,9,NetworkX Referencia,0.0039632320404052734,2.3775509951780178e-08
500,13,195,Dijkstra Classico,0.021988868713378906,1.1559747890837969e-07
500,13,195,Dijkstra Min-Heap,0.007158041000366211,4.022709876916258e-08
500,13,195,NetworkX Referencia,0.004027605056762695,2.405981791206854e-08
500,13,400,Dijkstra Classico,0.022263050079345703,1.172319589676452e-07
500,13,400,Dijkstra Min-Heap,0.01094365119934082,5.962718312371537e-08
500,13,400,NetworkX Referencia,0.006127119064331055,3.449824992532823e-08
500,13,365,Dijkstra Classico,0.0417935848236084,2.1673322091139407e-07
500,13,365,Dijkstra Min-Heap,0.007330179214477539,4.099624499082508e-08
500,13,365,NetworkX Referencia,0.0040438175201416016,2.4196651522655595e-08
500,14,183,Dijkstra Classico,0.023709535598754883,1.2493771260708754e-07
500,14,183,Dijkstra Min-Heap,0.009627342224121094,5.265292572585285e-08
500,14,183,NetworkX Referencia,0.003983974456787109,2.3915502110711733e-08
500,14,245,Dijkstra Classico,0.02232050895690918,1.1741972673594615e-07
500,14,245,Dijkstra Min-Heap,0.007143735885620117,4.0036357471985744e-08
500,14,245,NetworkX Referencia,0.006226539611816406,3.478468889466075e-08
500,14,278,Dijkstra Classico,0.04254412651062012,2.196915600318359e-07
500,14,278,Dijkstra Min-Heap,0.020471572875976562,1.196390537060937e-07
500,14,278,NetworkX Referencia,0.004582881927490234,2.78641475627298e-08
500,14,400,Dijkstra Classico,0.02229022979736328,1.1761490100984616e-07
500,14,400,Dijkstra Min-Heap,0.007219791412353516,4.052136427455827e-08
500,14,400,NetworkX Referencia,0.003986358642578125,2.392989072064996e-08
500,14,248,Dijkstra Classico,0.022522926330566406,1.1846525954950778e-07
500,14,248,Dijkstra Min-Heap,0.007044792175292969,4.0104743230425375e-08
500,14,248,NetworkX Referencia,0.004431724548339844,2.6082039673899467e-08
500,15,176,Dijkstra Classico,0.022238492965698242,1.1713435386402523e-07
500,15,176,Dijkstra Min-Heap,0.011042594909667969,5.931569323809174e-08
500,15,176,NetworkX Referencia,0.006236076354980469,3.477370378554935e-08
500,15,467,Dijkstra Classico,0.04038882255554199,2.08812033490197e-07
500,15,467,Dijkstra Min-Heap,0.006851673126220703,3.8616951312299885e-08
500,15,467,NetworkX Referencia,0.0040285587310791016,2.4282765390671607e-08
500,15,289,Dijkstra Classico,0.19520998001098633,9.980249719306068e-07
500,15,289,Dijkstra Min-Heap,0.0073680877685546875,4.1582029525605934e-08
500,15,289,NetworkX Referencia,0.004256248474121094,2.5544699375234667e-08
500,15,257,Dijkstra Classico,0.022556543350219727,1.1860034800302201e-07
500,15,257,Dijkstra Min-Heap,0.007123231887817383,4.012232215946953e-08
500,15,257,NetworkX Referencia,0.007982015609741211,4.393855630561229e-08
500,15,164,Dijkstra Classico,0.03944110870361328,2.0406533243344866e-07
500,15,164,Dijkstra Min-Heap,0.011988162994384766,6.625439117814898e-08
500,15,164,NetworkX Referencia,0.005075693130493164,2.941304122714143e-08
1000,1,730,Dijkstra Classico,0.09033989906311035,4.6407335990536277e-07
1000,1,730,Dijkstra Min-Heap,0.01639270782470703,8.739718682862106e-08
1000,1,730,NetworkX Referencia,0.009324073791503906,5.150982467281246e-08
1000,1,159,Dijkstra Classico,0.09437274932861328,4.84750854317908e-07
1000,1,159,Dijkstra Min-Heap,0.015672922134399414,8.333187678234288e-08
1000,1,159,NetworkX Referencia,0.009578227996826172,5.221926751518123e-08
1000,1,673,Dijkstra Classico,0.08756279945373535,4.4949506921872985e-07
1000,1,673,Dijkstra Min-Heap,0.025360822677612305,1.3228063697290934e-07
1000,1,673,NetworkX Referencia,0.014497756958007812,7.725206893952743e-08
1000,1,129,Dijkstra Classico,0.3855259418487549,1.9681357313229842e-06
1000,1,129,Dijkstra Min-Heap,0.016393661499023438,8.712393597999448e-08
1000,1,129,NetworkX Referencia,0.009367227554321289,5.1431561850488963e-08
1000,1,146,Dijkstra Classico,0.10587382316589355,5.429507930980657e-07
1000,1,146,Dijkstra Min-Heap,0.01668524742126465,8.85540958789496e-08
1000,1,146,NetworkX Referencia,0.008960723876953125,4.926801017245352e-08
1000,2,387,Dijkstra Classico,0.08937549591064453,4.587778331258981e-07
1000,2,387,Dijkstra Min-Heap,0.0167386531829834,8.917117519514961e-08
1000,2,387,NetworkX Referencia,0.014612913131713867,7.772540552885393e-08
1000,2,581,Dijkstra Classico,0.1564345359802246,7.999327310957395e-07
1000,2,581,Dijkstra Min-Heap,0.03213357925415039,1.6803447200299834e-07
1000,2,581,NetworkX Referencia,0.039224863052368164,2.034713570937529e-07
1000,2,753,Dijkstra Classico,0.2498302459716797,1.276222174862008e-06
1000,2,753,Dijkstra Min-Heap,0.0164947509765625,8.776748421541433e-08
1000,2,753,NetworkX Referencia,0.009095430374145508,5.012252888819397e-08
1000,2,273,Dijkstra Classico,0.08843088150024414,4.5451783626236846e-07
1000,2,273,Dijkstra Min-Heap,0.016668319702148438,8.856528350659329e-08
1000,2,273,NetworkX Referencia,0.015604257583618164,8.297494308742973e-08
1000,2,54,Dijkstra Classico,0.154693603515625,7.912275897582775e-07
1000,2,54,Dijkstra Min-Heap,0.025688886642456055,1.339357298377783e-07
1000,2,54,NetworkX Referencia,0.018932819366455078,1.0559460693480282e-07
1000,3,940,Dijkstra Classico,0.0894620418548584,4.591988730823913e-07
1000,3,940,Dijkstra Min-Heap,0.016628026962280273,8.896164822171215e-08
1000,3,940,NetworkX Referencia,0.011902809143066406,6.424196666333234e-08
1000,3,742,Dijkstra Classico,0.24599218368530273,1.2568162458237255e-06
1000,3,742,Dijkstra Min-Heap,0.016726970672607422,8.870637136153417e-08
1000,3,742,NetworkX Referencia,0.00940394401550293,5.1852856458325334e-08
1000,3,654,Dijkstra Classico,0.0887758731842041,4.5537133929130534e-07
1000,3,654,Dijkstra Min-Heap,0.0290067195892334,1.5153729291761587e-07
1000,3,654,NetworkX Referencia,0.017328739166259766,9.127398019272891e-08
1000,3,997,Dijkstra Classico,0.15411639213562012,7.879937899893824e-07
1000,3,997,Dijkstra Min-Heap,0.01667952537536621,8.846935372260125e-08
1000,3,997,NetworkX Referencia,0.010272026062011719,5.671484218896954e-08
1000,3,379,Dijkstra Classico,0.0876922607421875,4.5029081580727765e-07
1000,3,379,Dijkstra Min-Heap,0.016710758209228516,8.916357201786183e-08
1000,3,379,NetworkX Referencia,0.05102133750915527,2.755081337346549e-07
1000,4,724,Dijkstra Classico,0.08917951583862305,4.583050145579102e-07
1000,4,724,Dijkstra Min-Heap,0.18731236457824707,9.578247187287313e-07
1000,4,724,NetworkX Referencia,0.014655351638793945,7.758358599530677e-08
1000,4,796,Dijkstra Classico,0.15936756134033203,8.147425527016823e-07
1000,4,796,Dijkstra Min-Heap,0.028984785079956055,1.508165382866561e-07
1000,4,796,NetworkX Referencia,0.009619951248168945,5.2456700851720495e-08
1000,4,255,Dijkstra Classico,0.08767199516296387,4.50912874745222e-07
1000,4,255,Dijkstra Min-Heap,0.016755342483520508,8.940737240820825e-08
1000,4,255,NetworkX Referencia,0.009693384170532227,5.307206555259852e-08
1000,4,694,Dijkstra Classico,0.08782625198364258,4.510916198890206e-07
1000,4,694,Dijkstra Min-Heap,0.02630925178527832,1.3769454901701673e-07
1000,4,694,NetworkX Referencia,0.009860992431640625,5.47437158693302e-08
1000,4,623,Dijkstra Classico,0.1538715362548828,7.872004147339409e-07
1000,4,623,Dijkstra Min-Heap,0.04720616340637207,2.4831563327955685e-07
1000,4,623,NetworkX Referencia,0.017108917236328125,9.041941541511917e-08
1000,5,428,Dijkstra Classico,0.2634775638580322,1.3454925449446807e-06
1000,5,428,Dijkstra Min-Heap,0.016833066940307617,9.001249048622333e-08
1000,5,428,NetworkX Referencia,0.009801387786865234,5.395143776388897e-08
1000,5,723,Dijkstra Classico,0.08903837203979492,4.5726550005648063e-07
1000,5,723,Dijkstra Min-Heap,0.016918420791625977,9.062638069115336e-08
1000,5,723,NetworkX Referencia,0.009381771087646484,5.145596694422309e-08
1000,5,468,Dijkstra Classico,0.08880853652954102,4.569902656712556e-07
1000,5,468,Dijkstra Min-Heap,0.017604589462280273,9.334884124753931e-08
1000,5,468,NetworkX Referencia,0.014581441879272461,7.827684657283096e-08
1000,5,187,Dijkstra Classico,0.1571483612060547,8.035595039764194e-07
1000,5,187,Dijkstra Min-Heap,0.03151345252990723,1.63872307717682e-07
1000,5,187,NetworkX Referencia,0.009276866912841797,5.0615100822545416e-08
1000,5,449,Dijkstra Classico,0.26246047019958496,1.340929938946508e-06
1000,5,449,Dijkstra Min-Heap,0.016542434692382812,8.845707406656987e-08
1000,5,449,NetworkX Referencia,0.009489059448242188,5.198248826547892e-08
1000,6,362,Dijkstra Classico,0.0917813777923584,4.7163947837241854e-07
1000,6,362,Dijkstra Min-Heap,0.01649165153503418,8.82863887705663e-08
1000,6,362,NetworkX Referencia,0.009450435638427734,5.259324949684072e-08
1000,6,817,Dijkstra Classico,0.15949749946594238,8.153097118309451e-07
1000,6,817,Dijkstra Min-Heap,0.029327869415283203,1.5271660679094984e-07
1000,6,817,NetworkX Referencia,0.01620030403137207,8.557965040469662e-08
1000,6,479,Dijkstra Classico,0.08694124221801758,4.471075478632081e-07
1000,6,479,Dijkstra Min-Heap,0.017202377319335938,9.219306378244624e-08
1000,6,479,NetworkX Referencia,0.00937795639038086,5.149906023947494e-08
1000,6,514,Dijkstra Classico,0.08838891983032227,4.539898578939386e-07
1000,6,514,Dijkstra Min-Heap,0.17612123489379883,9.011562673427219e-07
1000,6,514,NetworkX Referencia,0.010734319686889648,5.8102195702676106e-08
1000,6,293,Dijkstra Classico,0.08850383758544922,4.5470408297348395e-07
1000,6,293,Dijkstra Min-Heap,0.027048349380493164,1.4099368271876763e-07
1000,6,293,NetworkX Referencia,0.014331817626953125,7.61236897056301e-08
1000,7,282,Dijkstra Classico,0.15819525718688965,8.088750523209398e-07
1000,7,282,Dijkstra Min-Heap,0.017097949981689453,9.170943715345119e-08
1000,7,282,NetworkX Referencia,0.00959634780883789,5.243209445434825e-08
1000,7,975,Dijkstra Classico,0.08806252479553223,4.523250148285447e-07
1000,7,975,Dijkstra Min-Heap,0.016754150390625,8.925616497815905e-08
1000,7,975,NetworkX Referencia,0.009447097778320312,5.201294273363881e-08
1000,7,438,Dijkstra Classico,0.08897185325622559,4.5698006606576695e-07
1000,7,438,Dijkstra Min-Heap,0.1866159439086914,9.54768978238096e-07
1000,7,438,NetworkX Referencia,0.00928354263305664,5.146076153326471e-08
1000,7,533,Dijkstra Classico,0.15436434745788574,7.897305552148168e-07
1000,7,533,Dijkstra Min-Heap,0.026996612548828125,1.404812238079286e-07
1000,7,533,NetworkX Referencia,0.017567873001098633,9.261722860286568e-08
1000,7,964,Dijkstra Classico,0.08872365951538086,4.5615573701449233e-07
1000,7,964,Dijkstra Min-Heap,0.016566753387451172,8.83924997045961e-08
1000,7,964,NetworkX Referencia,0.00938272476196289,5.1722912066934705e-08
1000,8,735,Dijkstra Classico,0.08985590934753418,4.6178548879233934e-07
1000,8,735,Dijkstra Min-Heap,0.027612924575805664,1.444605060963356e-07
1000,8,735,NetworkX Referencia,0.009176969528198242,5.120067459745319e-08
1000,8,902,Dijkstra Classico,0.09224200248718262,4.741135864774041e-07
1000,8,902,Dijkstra Min-Heap,0.025812864303588867,1.3460488678206866e-07
1000,8,902,NetworkX Referencia,0.01491093635559082,7.884623491816989e-08
1000,8,945,Dijkstra Classico,0.38663387298583984,1.975581161830723e-06
1000,8,945,Dijkstra Min-Heap,0.017855405807495117,9.45973349048402e-08
1000,8,945,NetworkX Referencia,0.009406805038452148,5.195756880302917e-08
1000,8,833,Dijkstra Classico,0.09048938751220703,4.64826740521468e-07
1000,8,833,Dijkstra Min-Heap,0.017248153686523438,9.184487484183283e-08
1000,8,833,NetworkX Referencia,0.009488821029663086,5.198652886844601e-08
1000,8,234,Dijkstra Classico,0.08711957931518555,4.47384552396858e-07
1000,8,234,Dijkstra Min-Heap,0.025458574295043945,1.3397336891204645e-07
1000,8,234,NetworkX Referencia,0.015480279922485352,8.599567777143534e-08
1000,9,312,Dijkstra Classico,0.15900397300720215,8.131896865927771e-07
1000,9,312,Dijkstra Min-Heap,0.029949188232421875,1.5630707758881896e-07
1000,9,312,NetworkX Referencia,0.009258031845092773,5.128394345157307e-08
1000,9,650,Dijkstra Classico,0.08872485160827637,4.5743199679975996e-07
1000,9,650,Dijkstra Min-Heap,0.1747117042541504,8.936350045650184e-07
1000,9,650,NetworkX Referencia,0.009787559509277344,5.3633944094573417e-08
1000,9,878,Dijkstra Classico,0.08738827705383301,4.491164919991899e-07
1000,9,878,Dijkstra Min-Heap,0.016668081283569336,8.878505785194607e-08
1000,9,878,NetworkX Referencia,0.009323835372924805,5.1226771011774124e-08
1000,9,89,Dijkstra Classico,0.16007232666015625,8.188123570922782e-07
1000,9,89,Dijkstra Min-Heap,0.02695608139038086,1.4062996458552914e-07
1000,9,89,NetworkX Referencia,0.014545917510986328,7.717969616580489e-08
1000,9,970,Dijkstra Classico,0.08864784240722656,4.5571569647957937e-07
1000,9,970,Dijkstra Min-Heap,0.017179489135742188,9.12419044884644e-08
1000,9,970,NetworkX Referencia,0.009516239166259766,5.285089283231284e-08
1000,10,312,Dijkstra Classico,0.09011626243591309,4.634375918935704e-07
1000,10,312,Dijkstra Min-Heap,0.19064664840698242,9.75343390521848e-07
1000,10,312,NetworkX Referencia,0.009339570999145508,5.1308658720930576e-08
1000,10,416,Dijkstra Classico,0.08765482902526855,4.501874506831399e-07
1000,10,416,Dijkstra Min-Heap,0.017557382583618164,9.34670429369994e-08
1000,10,416,NetworkX Referencia,0.015609264373779297,8.23279588746008e-08
1000,10,789,Dijkstra Classico,0.15553021430969238,7.956544997738072e-07
1000,10,789,Dijkstra Min-Heap,0.03339815139770508,1.7762040307383902e-07
1000,10,789,NetworkX Referencia,0.009788990020751953,5.351215605433473e-08
1000,10,320,Dijkstra Classico,0.09058642387390137,4.662498681110461e-07
1000,10,320,Dijkstra Min-Heap,0.0215756893157959,1.1353050188315283e-07
1000,10,320,NetworkX Referencia,0.009379386901855469,5.182710347084844e-08
1000,10,865,Dijkstra Classico,0.08881664276123047,4.564005841107046e-07
1000,10,865,Dijkstra Min-Heap,0.19296765327453613,9.865786490736836e-07
1000,10,865,NetworkX Referencia,0.009428024291992188,5.177039640697472e-08
1000,11,92,Dijkstra Classico,0.15964555740356445,8.173786913511185e-07
1000,11,92,Dijkstra Min-Heap,0.02671194076538086,1.391091399776919e-07
1000,11,92,NetworkX Referencia,0.016181230545043945,8.589009335859179e-08
1000,11,649,Dijkstra Classico,0.08808183670043945,4.526601419983264e-07
1000,11,649,Dijkstra Min-Heap,0.017023324966430664,9.092612712491179e-08
1000,11,649,NetworkX Referencia,0.009715795516967773,5.3709381308663035e-08
1000,11,81,Dijkstra Classico,0.08889555931091309,4.567990262410075e-07
1000,11,81,Dijkstra Min-Heap,0.027489662170410156,1.438459620639578e-07
1000,11,81,NetworkX Referencia,0.009559869766235352,5.2658765543830095e-08
1000,11,78,Dijkstra Classico,0.08717107772827148,4.4789965280961796e-07
1000,11,78,Dijkstra Min-Heap,0.03049755096435547,1.583966340500736e-07
1000,11,78,NetworkX Referencia,0.21352648735046387,1.0906633069063685e-06
1000,11,747,Dijkstra Classico,0.16193222999572754,8.279103999695254e-07
1000,11,747,Dijkstra Min-Heap,0.016258716583251953,8.669195214050404e-08
1000,11,747,NetworkX Referencia,0.009155750274658203,5.045238709291059e-08
1000,12,245,Dijkstra Classico,0.0870048999786377,4.4694011329840006e-07
1000,12,245,Dijkstra Min-Heap,0.016987085342407227,9.038782329960493e-08
1000,12,245,NetworkX Referencia,0.010322093963623047,5.61403934556876e-08
1000,12,967,Dijkstra Classico,0.08826208114624023,4.531224568729072e-07
1000,12,967,Dijkstra Min-Heap,0.017389774322509766,9.269691183761384e-08
1000,12,967,NetworkX Referencia,0.009386062622070312,5.198076227144241e-08
1000,12,95,Dijkstra Classico,0.15340304374694824,7.84595875730245e-07
1000,12,95,Dijkstra Min-Heap,0.024858951568603516,1.2969066701343175e-07
1000,12,95,NetworkX Referencia,0.017014741897583008,8.966283915096057e-08
1000,12,169,Dijkstra Classico,0.24866890907287598,1.2702639872319941e-06
1000,12,169,Dijkstra Min-Heap,0.016771793365478516,8.93904972681414e-08
1000,12,169,NetworkX Referencia,0.009474515914916992,5.2224866059767376e-08
1000,12,589,Dijkstra Classico,0.09120011329650879,4.683471839468624e-07
1000,12,589,Dijkstra Min-Heap,0.019649982452392578,1.0374974965264749e-07
1000,12,589,NetworkX Referencia,0.009473800659179688,5.2109597873846776e-08
1000,13,58,Dijkstra Classico,0.09184741973876953,4.717398433123556e-07
1000,13,58,Dijkstra Min-Heap,0.02546525001525879,1.3303076613435263e-07
1000,13,58,NetworkX Referencia,0.014422178268432617,7.666170541750912e-08
1000,13,86,Dijkstra Classico,0.16682887077331543,8.53153747451758e-07
1000,13,86,Dijkstra Min-Heap,0.1752917766571045,8.969995233354642e-07
1000,13,86,NetworkX Referencia,0.00959014892578125,5.2810924383341765e-08
1000,13,761,Dijkstra Classico,0.08756899833679199,4.496759434120374e-07
1000,13,761,Dijkstra Min-Heap,0.020179271697998047,1.0655140623152354e-07
1000,13,761,NetworkX Referencia,0.009180307388305664,5.0497975184335574e-08
1000,13,292,Dijkstra Classico,0.09123778343200684,4.68501785161232e-07
1000,13,292,Dijkstra Min-Heap,0.026784658432006836,1.3991234012362166e-07
1000,13,292,NetworkX Referencia,0.014942646026611328,7.919788097905622e-08
1000,13,567,Dijkstra Classico,0.15881824493408203,8.119319265663274e-07
1000,13,567,Dijkstra Min-Heap,0.03376650810241699,1.7678193472178785e-07
1000,13,567,NetworkX Referencia,0.009735822677612305,5.347115835444772e-08
1000,14,951,Dijkstra Classico,0.0912160873413086,4.684861369328013e-07
1000,14,951,Dijkstra Min-Heap,0.016646146774291992,8.911069650693318e-08
1000,14,951,NetworkX Referencia,0.009303569793701172,5.1991004288824246e-08
1000,14,504,Dijkstra Classico,0.25078773498535156,1.2816675708748754e-06
1000,14,504,Dijkstra Min-Heap,0.017290592193603516,9.18530430807726e-08
1000,14,504,NetworkX Referencia,0.010116100311279297,5.6534684635872585e-08
1000,14,827,Dijkstra Classico,0.1595301628112793,8.215599442404209e-07
1000,14,827,Dijkstra Min-Heap,0.027096033096313477,1.4141912583546402e-07
1000,14,827,NetworkX Referencia,0.014285802841186523,7.67085502432661e-08
1000,14,895,Dijkstra Classico,0.08820033073425293,4.530620266728193e-07
1000,14,895,Dijkstra Min-Heap,0.017877817153930664,9.511590696631326e-08
1000,14,895,NetworkX Referencia,0.009400367736816406,5.179205836499553e-08
1000,14,10,Dijkstra Classico,0.08680081367492676,4.4570257298297823e-07
1000,14,10,Dijkstra Min-Heap,0.019297361373901367,1.0319218187451399e-07
1000,14,10,NetworkX Referencia,0.011415719985961914,6.208431326994502e-08
1000,15,985,Dijkstra Classico,0.08802461624145508,4.5246257138761633e-07
1000,15,985,Dijkstra Min-Heap,0.1853621006011963,9.482796512491675e-07
1000,15,985,NetworkX Referencia,0.014053106307983398,7.46138022013808e-08
1000,15,971,Dijkstra Classico,0.15529179573059082,7.939617324386364e-07
1000,15,971,Dijkstra Min-Heap,0.03229808807373047,1.7269067327384877e-07
1000,15,971,NetworkX Referencia,0.009805917739868164,5.38115016074312e-08
1000,15,434,Dijkstra Classico,0.0881047248840332,4.5285555829731664e-07
1000,15,434,Dijkstra Min-Heap,0.01721024513244629,9.15328715200594e-08
1000,15,434,NetworkX Referencia,0.010083436965942383,5.5206977277915906e-08
1000,15,693,Dijkstra Classico,0.08818697929382324,4.5284226564101244e-07
1000,15,693,Dijkstra Min-Heap,0.016911029815673828,9.008784041056503e-08
1000,15,693,NetworkX Referencia,0.00955963134765625,5.273798606712675e-08
1000,15,520,Dijkstra Classico,0.15747809410095215,8.050143735616891e-07
1000,15,520,Dijkstra Min-Heap,0.26019716262817383,1.32837620572674e-06
1000,15,520,NetworkX Referencia,0.01553964614868164,8.210777078235406e-08
5000,1,4024,Dijkstra Classico,2.3796284198760986,1.2123178840408188e-05
5000,1,4024,Dijkstra Min-Heap,0.13373088836669922,6.850898031726742e-07
5000,1,4024,NetworkX Referencia,0.07071042060852051,3.640903340847405e-07
5000,1,1236,Dijkstra Classico,3.883204698562622,1.9780613354907243e-05
5000,1,1236,Dijkstra Min-Heap,0.3051269054412842,1.5580262646698698e-06
5000,1,1236,NetworkX Referencia,0.06754636764526367,3.4909485776434035e-07
5000,1,2758,Dijkstra Classico,2.3079442977905273,1.175872347447496e-05
5000,1,2758,Dijkstra Min-Heap,0.320406436920166,1.6361408609850395e-06
5000,1,2758,NetworkX Referencia,0.06508398056030273,3.3604739481697457e-07
5000,1,4841,Dijkstra Classico,3.8418710231781006,1.9570443307022788e-05
5000,1,4841,Dijkstra Min-Heap,0.31134581565856934,1.5896997547553437e-06
5000,1,4841,NetworkX Referencia,0.07001495361328125,3.6101477742997753e-07
5000,1,3428,Dijkstra Classico,2.344508171081543,1.194454666208323e-05
5000,1,3428,Dijkstra Min-Heap,0.13314175605773926,6.822180299623355e-07
5000,1,3428,NetworkX Referencia,0.06699395179748535,3.451821702562922e-07
5000,2,616,Dijkstra Classico,3.6267855167388916,1.8475086940958832e-05
5000,2,616,Dijkstra Min-Heap,0.3057291507720947,1.561429171423159e-06
5000,2,616,NetworkX Referencia,0.06745123863220215,3.477209405017805e-07
5000,2,749,Dijkstra Classico,2.314147710800171,1.1789747255388543e-05
5000,2,749,Dijkstra Min-Heap,0.3123314380645752,1.5949649558498402e-06
5000,2,749,NetworkX Referencia,0.10144352912902832,5.204377764047696e-07
5000,2,2960,Dijkstra Classico,3.26607608795166,1.6637423459440656e-05
5000,2,2960,Dijkstra Min-Heap,0.13201904296875,6.766483232560716e-07
5000,2,2960,NetworkX Referencia,0.06820344924926758,3.513766312424367e-07
5000,2,4985,Dijkstra Classico,2.3327863216400146,1.1884408177579003e-05
5000,2,4985,Dijkstra Min-Heap,0.3050227165222168,1.5577567738471847e-06
5000,2,4985,NetworkX Referencia,0.10105466842651367,5.181109706912317e-07
5000,2,2822,Dijkstra Classico,3.1511411666870117,1.6052691694049058e-05
5000,2,2822,Dijkstra Min-Heap,0.31919145584106445,1.6298982613311566e-06
5000,2,2822,NetworkX Referencia,0.07059454917907715,3.647394420340118e-07
5000,3,1883,Dijkstra Classico,2.3641254901885986,1.204440032286522e-05
5000,3,1883,Dijkstra Min-Heap,0.1447296142578125,7.413794862266764e-07
5000,3,1883,NetworkX Referencia,0.09394311904907227,4.815925798133725e-07
5000,3,1885,Dijkstra Classico,3.1605870723724365,1.6100725436483323e-05
5000,3,1885,Dijkstra Min-Heap,0.31458353996276855,1.607246821804556e-06
5000,3,1885,NetworkX Referencia,0.0714261531829834,3.6776269430691067e-07
5000,3,4137,Dijkstra Classico,2.321378707885742,1.1826662445314564e-05
5000,3,4137,Dijkstra Min-Heap,0.314258337020874,1.6045127688640257e-06
5000,3,4137,NetworkX Referencia,0.13030481338500977,6.66759561905443e-07
5000,3,2385,Dijkstra Classico,2.941575288772583,1.4984976822243006e-05
5000,3,2385,Dijkstra Min-Heap,0.29314184188842773,1.4970444840130323e-06
5000,3,2385,NetworkX Referencia,0.0764312744140625,3.929171287749994e-07
5000,3,750,Dijkstra Classico,2.3115766048431396,1.1776233237637173e-05
5000,3,750,Dijkstra Min-Heap,0.318744421005249,1.6276906567282407e-06
5000,3,750,NetworkX Referencia,0.09683609008789062,4.96401099335111e-07
5000,4,3223,Dijkstra Classico,3.1155598163604736,1.5871068262025123e-05
5000,4,3223,Dijkstra Min-Heap,0.3183474540710449,1.626188673847663e-06
5000,4,3223,NetworkX Referencia,0.06846332550048828,3.526587364446056e-07
5000,4,1029,Dijkstra Classico,2.338083505630493,1.1911666393910441e-05
5000,4,1029,Dijkstra Min-Heap,0.31530189514160156,1.6099144824832599e-06
5000,4,1029,NetworkX Referencia,0.10344648361206055,5.302649056244387e-07
5000,4,4748,Dijkstra Classico,2.9277749061584473,1.4914615107673357e-05
5000,4,4748,Dijkstra Min-Heap,0.3031625747680664,1.5482550693429065e-06
5000,4,4748,NetworkX Referencia,0.06822800636291504,3.512436206787711e-07
5000,4,141,Dijkstra Classico,2.323596477508545,1.1837725172060093e-05
5000,4,141,Dijkstra Min-Heap,0.29898929595947266,1.5267582652632492e-06
5000,4,141,NetworkX Referencia,0.10081672668457031,5.167365657108695e-07
5000,4,3558,Dijkstra Classico,3.0716030597686768,1.564862953029748e-05
5000,4,3558,Dijkstra Min-Heap,0.32830119132995605,1.6763115104922794e-06
5000,4,3558,NetworkX Referencia,0.06898117065429688,3.552204930609619e-07
5000,5,1517,Dijkstra Classico,2.3130862712860107,1.1785436018067515e-05
5000,5,1517,Dijkstra Min-Heap,0.3082773685455322,1.5742734637612377e-06
5000,5,1517,NetworkX Referencia,0.0992891788482666,5.089079635053503e-07
5000,5,4485,Dijkstra Classico,2.880028009414673,1.467147277902055e-05
5000,5,4485,Dijkstra Min-Heap,0.298464298248291,1.5243231456023223e-06
5000,5,4485,NetworkX Referencia,0.06983733177185059,3.5979369974291507e-07
5000,5,4168,Dijkstra Classico,2.304154634475708,1.1739437211189172e-05
5000,5,4168,Dijkstra Min-Heap,0.2998948097229004,1.5315102471790262e-06
5000,5,4168,NetworkX Referencia,0.10206937789916992,5.230631486983887e-07
5000,5,713,Dijkstra Classico,3.026002883911133,1.5414875042377145e-05
5000,5,713,Dijkstra Min-Heap,0.29411983489990234,1.5020209676761162e-06
5000,5,713,NetworkX Referencia,0.07031536102294922,3.6204330998084405e-07
5000,5,2628,Dijkstra Classico,2.308950901031494,1.1763404583105195e-05
5000,5,2628,Dijkstra Min-Heap,0.3146388530731201,1.6066209213774734e-06
5000,5,2628,NetworkX Referencia,0.09694910049438477,4.967885243385038e-07
5000,6,3347,Dijkstra Classico,2.940523386001587,1.4979452111161258e-05
5000,6,3347,Dijkstra Min-Heap,0.3111231327056885,1.5895640143924497e-06
5000,6,3347,NetworkX Referencia,0.06982302665710449,3.5956437162080654e-07
5000,6,3257,Dijkstra Classico,2.300694227218628,1.1721105903571315e-05
5000,6,3257,Dijkstra Min-Heap,0.3049306869506836,1.5577121543713701e-06
5000,6,3257,NetworkX Referencia,0.09880948066711426,5.065029219097887e-07
5000,6,438,Dijkstra Classico,3.0427911281585693,1.5501985704853287e-05
5000,6,438,Dijkstra Min-Heap,0.2981882095336914,1.5227755700283677e-06
5000,6,438,NetworkX Referencia,0.06875991821289062,3.5429563995920086e-07
5000,6,1581,Dijkstra Classico,2.3112895488739014,1.177529741129997e-05
5000,6,1581,Dijkstra Min-Heap,0.31072092056274414,1.5878495659415152e-06
5000,6,1581,NetworkX Referencia,0.09714102745056152,4.978861566208999e-07
5000,6,218,Dijkstra Classico,2.9103968143463135,1.4826103609619297e-05
5000,6,218,Dijkstra Min-Heap,0.29590821266174316,1.5116087998498552e-06
5000,6,218,NetworkX Referencia,0.06624150276184082,3.4103463755533345e-07
5000,7,4716,Dijkstra Classico,2.304067611694336,1.1738361388330182e-05
5000,7,4716,Dijkstra Min-Heap,0.3211855888366699,1.640490592011171e-06
5000,7,4716,NetworkX Referencia,0.10261034965515137,5.259121305199895e-07
5000,7,4383,Dijkstra Classico,3.0874521732330322,1.5727984691348395e-05
5000,7,4383,Dijkstra Min-Heap,0.30581164360046387,1.5618032615701007e-06
5000,7,4383,NetworkX Referencia,0.06751418113708496,3.4855671836794306e-07
5000,7,475,Dijkstra Classico,2.3558595180511475,1.2002067619251823e-05
5000,7,475,Dijkstra Min-Heap,0.3204073905944824,1.6361377914442343e-06
5000,7,475,NetworkX Referencia,0.09935998916625977,5.091853507227181e-07
5000,7,2878,Dijkstra Classico,2.928196430206299,1.4916572088157201e-05
5000,7,2878,Dijkstra Min-Heap,0.30548930168151855,1.5606419929828274e-06
5000,7,2878,NetworkX Referencia,0.0744631290435791,3.8337226429833763e-07
5000,7,686,Dijkstra Classico,2.343858480453491,1.1941311572837854e-05
5000,7,686,Dijkstra Min-Heap,0.3270885944366455,1.669914429167141e-06
5000,7,686,NetworkX Referencia,0.09860491752624512,5.05474639873273e-07
5000,8,4276,Dijkstra Classico,3.044734477996826,1.551018425017382e-05
5000,8,4276,Dijkstra Min-Heap,0.14642667770385742,7.499135552268554e-07
5000,8,4276,NetworkX Referencia,0.06693840026855469,3.4489905280404695e-07
5000,8,1765,Dijkstra Classico,2.3187079429626465,1.1813410255803176e-05
5000,8,1765,Dijkstra Min-Heap,0.31347084045410156,1.6004179329610364e-06
5000,8,1765,NetworkX Referencia,0.09772515296936035,5.007272292159948e-07
5000,8,2154,Dijkstra Classico,3.0354089736938477,1.5464292582511678e-05
5000,8,2154,Dijkstra Min-Heap,0.31580162048339844,1.6122413240816124e-06
5000,8,2154,NetworkX Referencia,0.07015323638916016,3.614190319968197e-07
5000,8,1638,Dijkstra Classico,2.153562307357788,1.0971833147632614e-05
5000,8,1638,Dijkstra Min-Heap,0.296694278717041,1.5151726625194561e-06
5000,8,1638,NetworkX Referencia,0.09914970397949219,5.081870039313637e-07
5000,8,2245,Dijkstra Classico,3.0536465644836426,1.555667906425898e-05
5000,8,2245,Dijkstra Min-Heap,0.29985809326171875,1.531933067467175e-06
5000,8,2245,NetworkX Referencia,0.0682680606842041,3.5158428186787826e-07
5000,9,4648,Dijkstra Classico,2.330373764038086,1.1873082571795624e-05
5000,9,4648,Dijkstra Min-Heap,0.3139820098876953,1.602928973942699e-06
5000,9,4648,NetworkX Referencia,0.10104823112487793,5.175767251594094e-07
5000,9,1677,Dijkstra Classico,3.101285219192505,1.5798011572691773e-05
5000,9,1677,Dijkstra Min-Heap,0.12984657287597656,6.653499888819977e-07
5000,9,1677,NetworkX Referencia,0.06644177436828613,3.4242420694510203e-07
5000,9,3337,Dijkstra Classico,2.3037309646606445,1.1736666136631755e-05
5000,9,3337,Dijkstra Min-Heap,0.30344700813293457,1.549323909633478e-06
5000,9,3337,NetworkX Referencia,0.09731507301330566,4.993570739036205e-07
5000,9,2045,Dijkstra Classico,3.0587315559387207,1.5581769152107902e-05
5000,9,2045,Dijkstra Min-Heap,0.3208198547363281,1.6384857474000815e-06
5000,9,2045,NetworkX Referencia,0.06601309776306152,3.4014936100256974e-07
5000,9,2635,Dijkstra Classico,2.352675199508667,1.1985631318783344e-05
5000,9,2635,Dijkstra Min-Heap,0.12783384323120117,6.552967669612788e-07
5000,9,2635,NetworkX Referencia,0.09716510772705078,4.981687436902366e-07
5000,10,3564,Dijkstra Classico,3.1016721725463867,1.5799941135780503e-05
5000,10,3564,Dijkstra Min-Heap,0.31508517265319824,1.6087138558735384e-06
5000,10,3564,NetworkX Referencia,0.06849122047424316,3.528127616879795e-07
5000,10,4320,Dijkstra Classico,2.3265299797058105,1.1852931941141265e-05
5000,10,4320,Dijkstra Min-Heap,0.3146035671234131,1.6062615067416507e-06
5000,10,4320,NetworkX Referencia,0.120330810546875,6.16667350462641e-07
5000,10,501,Dijkstra Classico,3.0228278636932373,1.5398409540769252e-05
5000,10,501,Dijkstra Min-Heap,0.13143610954284668,6.734410018679249e-07
5000,10,501,NetworkX Referencia,0.06760907173156738,3.4835658579867597e-07
5000,10,4278,Dijkstra Classico,2.324192523956299,1.1842086857783215e-05
5000,10,4278,Dijkstra Min-Heap,0.3053402900695801,1.5591625395643963e-06
5000,10,4278,NetworkX Referencia,0.09917688369750977,5.084251994944359e-07
5000,10,4085,Dijkstra Classico,3.0589962005615234,1.5583298214562734e-05
5000,10,4085,Dijkstra Min-Heap,0.3087031841278076,1.576805998632623e-06
5000,10,4085,NetworkX Referencia,0.07009410858154297,3.6090044853986883e-07
5000,11,3628,Dijkstra Classico,2.3401577472686768,1.1922656691373352e-05
5000,11,3628,Dijkstra Min-Heap,0.13005566596984863,6.662823307121941e-07
5000,11,3628,NetworkX Referencia,0.09919285774230957,5.082861373894744e-07
5000,11,2038,Dijkstra Classico,3.07391095161438,1.5658869831718522e-05
5000,11,2038,Dijkstra Min-Heap,0.3172719478607178,1.6201992680645537e-06
5000,11,2038,NetworkX Referencia,0.0692739486694336,3.5675162007180236e-07
5000,11,2329,Dijkstra Classico,2.314727544784546,1.1792431618030638e-05
5000,11,2329,Dijkstra Min-Heap,0.3316609859466553,1.6931541043564415e-06
5000,11,2329,NetworkX Referencia,0.11878824234008789,6.082732122873255e-07
5000,11,3991,Dijkstra Classico,2.908444881439209,1.4816534150618934e-05
5000,11,3991,Dijkstra Min-Heap,0.29590296745300293,1.5113057127192098e-06
5000,11,3991,NetworkX Referencia,0.06805777549743652,3.508655255763448e-07
5000,11,1187,Dijkstra Classico,2.3024349212646484,1.1729917720661833e-05
5000,11,1187,Dijkstra Min-Heap,0.31164097785949707,1.5918721488865199e-06
5000,11,1187,NetworkX Referencia,0.10013461112976074,5.132703680346704e-07
5000,12,2414,Dijkstra Classico,3.065091371536255,1.561389373282233e-05
5000,12,2414,Dijkstra Min-Heap,0.323638916015625,1.6525244283101868e-06
5000,12,2414,NetworkX Referencia,0.06921601295471191,3.56756760979789e-07
5000,12,2134,Dijkstra Classico,2.3295488357543945,1.1868722713459472e-05
5000,12,2134,Dijkstra Min-Heap,0.3148970603942871,1.6082931864650558e-06
5000,12,2134,NetworkX Referencia,0.10101079940795898,5.175584312744196e-07
5000,12,770,Dijkstra Classico,2.8468902111053467,1.450238990713937e-05
5000,12,770,Dijkstra Min-Heap,0.29369068145751953,1.500149490617002e-06
5000,12,770,NetworkX Referencia,0.06747293472290039,3.477255350126655e-07
5000,12,3476,Dijkstra Classico,2.3017497062683105,1.1726629675149918e-05
5000,12,3476,Dijkstra Min-Heap,0.29729437828063965,1.51814123588531e-06
5000,12,3476,NetworkX Referencia,0.09734201431274414,4.987670210601229e-07
5000,12,3799,Dijkstra Classico,3.003577470779419,1.5300398454937674e-05
5000,12,3799,Dijkstra Min-Heap,0.3037238121032715,1.5507268645761633e-06
5000,12,3799,NetworkX Referencia,0.06781959533691406,3.492812002676982e-07
5000,13,3175,Dijkstra Classico,2.314222812652588,1.1790294299562065e-05
5000,13,3175,Dijkstra Min-Heap,0.3140578269958496,1.6036798143898194e-06
5000,13,3175,NetworkX Referencia,0.1007080078125,5.160785291991948e-07
5000,13,1181,Dijkstra Classico,2.903707504272461,1.479167143524427e-05
5000,13,1181,Dijkstra Min-Heap,0.29550862312316895,1.5098811620192067e-06
5000,13,1181,NetworkX Referencia,0.06898260116577148,3.551075280823182e-07
5000,13,772,Dijkstra Classico,2.350768804550171,1.197639058934397e-05
5000,13,772,Dijkstra Min-Heap,0.3014862537384033,1.539885077490635e-06
5000,13,772,NetworkX Referencia,0.09992671012878418,5.121859386890423e-07
5000,13,4397,Dijkstra Classico,3.0420093536376953,1.5496438202393383e-05
5000,13,4397,Dijkstra Min-Heap,0.3139185905456543,1.6034372823772023e-06
5000,13,4397,NetworkX Referencia,0.06953859329223633,3.5791641049165203e-07
5000,13,4020,Dijkstra Classico,2.3185312747955322,1.1812082446082669e-05
5000,13,4020,Dijkstra Min-Heap,0.31105542182922363,1.5883175186334372e-06
5000,13,4020,NetworkX Referencia,0.09939455986022949,5.094705312734536e-07
5000,14,2377,Dijkstra Classico,2.90622878074646,1.481681220332744e-05
5000,14,2377,Dijkstra Min-Heap,0.3053243160247803,1.55965242341265e-06
5000,14,2377,NetworkX Referencia,0.06948494911193848,3.577569419419316e-07
5000,14,1977,Dijkstra Classico,2.3260087966918945,1.1850375160030835e-05
5000,14,1977,Dijkstra Min-Heap,0.3030381202697754,1.5480849927909257e-06
5000,14,1977,NetworkX Referencia,0.11385560035705566,5.829354112533684e-07
5000,14,168,Dijkstra Classico,3.0298197269439697,1.5435145510751957e-05
5000,14,168,Dijkstra Min-Heap,0.3146531581878662,1.6063755501916279e-06
5000,14,168,NetworkX Referencia,0.08304738998413086,4.271341538652491e-07
5000,14,3334,Dijkstra Classico,2.318711042404175,1.1812826545045955e-05
5000,14,3334,Dijkstra Min-Heap,0.3285648822784424,1.6775499888515632e-06
5000,14,3334,NetworkX Referencia,0.10017514228820801,5.134484253745695e-07
5000,14,2343,Dijkstra Classico,2.8881492614746094,1.4712691415873097e-05
5000,14,2343,Dijkstra Min-Heap,0.32398319244384766,1.6539218174504333e-06
5000,14,2343,NetworkX Referencia,0.0668036937713623,3.445433367956914e-07
5000,15,4094,Dijkstra Classico,2.325737476348877,1.1849316614656272e-05
5000,15,4094,Dijkstra Min-Heap,0.3137688636779785,1.6022157075302191e-06
5000,15,4094,NetworkX Referencia,0.09770631790161133,5.006826660126306e-07
5000,15,2469,Dijkstra Classico,3.074169874191284,1.566007170122937e-05
5000,15,2469,Dijkstra Min-Heap,0.12995004653930664,6.659318477779129e-07
5000,15,2469,NetworkX Referencia,0.06591510772705078,3.395263482350795e-07
5000,15,1068,Dijkstra Classico,2.326300859451294,1.1851577119284157e-05
5000,15,1068,Dijkstra Min-Heap,0.3078484535217285,1.5716355472125813e-06
5000,15,1068,NetworkX Referencia,0.097900390625,5.017339487022996e-07
5000,15,4937,Dijkstra Classico,3.058090925216675,1.5583705556614113e-05
5000,15,4937,Dijkstra Min-Heap,0.315624475479126,1.611501605499042e-06
5000,15,4937,NetworkX Referencia,0.06809091567993164,3.505614812388011e-07
5000,15,1646,Dijkstra Classico,2.1339783668518066,1.0872016381621796e-05
5000,15,1646,Dijkstra Min-Heap,0.3085060119628906,1.576032994672944e-06
5000,15,1646,NetworkX Referencia,0.09836530685424805,5.042113322704436e-07
10000,1,5108,Dijkstra Classico,10.817471265792847,5.509623454143511e-05
10000,1,5108,Dijkstra Min-Heap,0.7893364429473877,4.023977430208892e-06
10000,1,5108,NetworkX Referencia,0.15834665298461914,8.101550932176646e-07
10000,1,5447,Dijkstra Classico,10.609052419662476,5.403467810356608e-05
10000,1,5447,Dijkstra Min-Heap,0.75339674949646,3.841431815221153e-06
10000,1,5447,NetworkX Referencia,0.16390395164489746,8.383781965885451e-07
10000,1,3644,Dijkstra Classico,10.281890153884888,5.236834226834303e-05
10000,1,3644,Dijkstra Min-Heap,0.742790937423706,3.7867971200014646e-06
10000,1,3644,NetworkX Referencia,0.2370445728302002,1.2104558537701346e-06
10000,1,4190,Dijkstra Classico,9.566771030426025,4.872604912824118e-05
10000,1,4190,Dijkstra Min-Heap,0.7878563404083252,4.016736024675711e-06
10000,1,4190,NetworkX Referencia,0.2475743293762207,1.2642865312960036e-06
10000,1,5672,Dijkstra Classico,9.049808025360107,4.6093373041701324e-05
10000,1,5672,Dijkstra Min-Heap,0.93808913230896,4.781763265904084e-06
10000,1,5672,NetworkX Referencia,0.2395496368408203,1.2232696269030463e-06
10000,2,2584,Dijkstra Classico,9.615986347198486,4.8978376153692786e-05
10000,2,2584,Dijkstra Min-Heap,1.0348169803619385,5.280818204067111e-06
10000,2,2584,NetworkX Referencia,0.2632882595062256,1.3447890401334973e-06
10000,2,5024,Dijkstra Classico,8.966443538665771,4.566923341889246e-05
10000,2,5024,Dijkstra Min-Heap,0.7796840667724609,3.974371002115419e-06
10000,2,5024,NetworkX Referencia,0.2623598575592041,1.339362148999296e-06
10000,2,9365,Dijkstra Classico,9.156561851501465,4.6637527273893486e-05
10000,2,9365,Dijkstra Min-Heap,0.7575170993804932,3.861335213352716e-06
10000,2,9365,NetworkX Referencia,0.17323708534240723,8.857838522732674e-07
10000,2,9935,Dijkstra Classico,9.498082399368286,4.837784092575537e-05
10000,2,9935,Dijkstra Min-Heap,1.0836689472198486,5.5221363406523265e-06
10000,2,9935,NetworkX Referencia,0.1726541519165039,8.83021986114167e-07
10000,2,6556,Dijkstra Classico,10.196187257766724,5.193182544495507e-05
10000,2,6556,Dijkstra Min-Heap,0.7362885475158691,3.7538411463885475e-06
10000,2,6556,NetworkX Referencia,0.16572999954223633,8.482194454659963e-07
10000,3,3337,Dijkstra Classico,10.816815853118896,5.509257607845157e-05
10000,3,3337,Dijkstra Min-Heap,0.5398581027984619,2.7536340667504016e-06
10000,3,3337,NetworkX Referencia,0.1626114845275879,8.31843650607505e-07
10000,3,236,Dijkstra Classico,10.796417474746704,5.498942883667023e-05
10000,3,236,Dijkstra Min-Heap,0.7393238544464111,3.7695912064496436e-06
10000,3,236,NetworkX Referencia,0.16740822792053223,8.564622782283288e-07
10000,3,5619,Dijkstra Classico,10.541094303131104,5.368877568432713e-05
10000,3,5619,Dijkstra Min-Heap,0.7609374523162842,3.879153771284478e-06
10000,3,5619,NetworkX Referencia,0.1636204719543457,8.370904363408303e-07
10000,3,5325,Dijkstra Classico,10.81738829612732,5.509543043594511e-05
10000,3,5325,Dijkstra Min-Heap,0.5521805286407471,2.816240236986215e-06
10000,3,5325,NetworkX Referencia,0.166151762008667,8.498787152243111e-07
10000,3,6321,Dijkstra Classico,10.71691370010376,5.458371589420116e-05
10000,3,6321,Dijkstra Min-Heap,0.7622747421264648,3.8863388163109455e-06
10000,3,6321,NetworkX Referencia,0.16182208061218262,8.282557737780511e-07
10000,4,1267,Dijkstra Classico,9.933896780014038,5.05965980154169e-05
10000,4,1267,Dijkstra Min-Heap,0.7582480907440186,3.865854884402135e-06
10000,4,1267,NetworkX Referencia,0.24234390258789062,1.237585586374692e-06
10000,4,414,Dijkstra Classico,9.343886137008667,4.759606479579653e-05
10000,4,414,Dijkstra Min-Heap,0.7561535835266113,3.85543236352146e-06
10000,4,414,NetworkX Referencia,0.25024867057800293,1.2777361856852532e-06
10000,4,3158,Dijkstra Classico,9.33354640007019,4.753791632810878e-05
10000,4,3158,Dijkstra Min-Heap,0.690976619720459,3.5234767740959164e-06
10000,4,3158,NetworkX Referencia,0.2621772289276123,1.3384623451242672e-06
10000,4,7729,Dijkstra Classico,9.066971063613892,4.618156862437827e-05
10000,4,7729,Dijkstra Min-Heap,0.7634389400482178,3.891880142545413e-06
10000,4,7729,NetworkX Referencia,0.23170685768127441,1.1831832505297824e-06
10000,4,9737,Dijkstra Classico,8.957650423049927,4.5624309558893834e-05
10000,4,9737,Dijkstra Min-Heap,1.0463783740997314,5.3343043059134485e-06
10000,4,9737,NetworkX Referencia,0.2710599899291992,1.3838869052902583e-06
10000,5,7510,Dijkstra Classico,8.768271923065186,4.4660433355072925e-05
10000,5,7510,Dijkstra Min-Heap,1.0424809455871582,5.314811808050903e-06
10000,5,7510,NetworkX Referencia,0.27228403091430664,1.3896934969781891e-06
10000,5,6724,Dijkstra Classico,9.007581233978271,4.5878904895419965e-05
10000,5,6724,Dijkstra Min-Heap,0.7736222743988037,3.943236505091968e-06
10000,5,6724,NetworkX Referencia,0.2301485538482666,1.1754784147944867e-06
10000,5,2850,Dijkstra Classico,9.216001987457275,4.6939445914669114e-05
10000,5,2850,Dijkstra Min-Heap,0.740764856338501,3.7758798413880497e-06
10000,5,2850,NetworkX Referencia,0.16248250007629395,8.31365850712333e-07
10000,5,9841,Dijkstra Classico,9.589856624603271,4.8844192968224e-05
10000,5,9841,Dijkstra Min-Heap,1.1308865547180176,5.772007505543265e-06
10000,5,9841,NetworkX Referencia,0.1740891933441162,8.904198903322851e-07
10000,5,4697,Dijkstra Classico,10.138669729232788,5.164021582773198e-05
10000,5,4697,Dijkstra Min-Heap,0.7476761341094971,3.8118119876797385e-06
10000,5,4697,NetworkX Referencia,0.16408801078796387,8.395609122396207e-07
10000,6,6774,Dijkstra Classico,10.782254695892334,5.491709657804081e-05
10000,6,6774,Dijkstra Min-Heap,0.5369241237640381,2.7383134584052866e-06
10000,6,6774,NetworkX Referencia,0.1628098487854004,8.325673428789968e-07
10000,6,6547,Dijkstra Classico,10.80683970451355,5.504246847947615e-05
10000,6,6547,Dijkstra Min-Heap,0.768078088760376,3.915912163276044e-06
10000,6,6547,NetworkX Referencia,0.17511320114135742,8.955079600091536e-07
10000,6,1631,Dijkstra Classico,10.524571657180786,5.3686946535903416e-05
10000,6,1631,Dijkstra Min-Heap,0.7677555084228516,3.913972813371451e-06
10000,6,1631,NetworkX Referencia,0.16374945640563965,8.378801362150147e-07
10000,6,5594,Dijkstra Classico,10.575357913970947,5.3862989692523335e-05
10000,6,5594,Dijkstra Min-Heap,0.778907299041748,3.97069135494841e-06
10000,6,5594,NetworkX Referencia,0.17070937156677246,8.736938371061238e-07
10000,6,9630,Dijkstra Classico,10.49463438987732,5.345201088057212e-05
10000,6,9630,Dijkstra Min-Heap,0.7634251117706299,3.892483008119675e-06
10000,6,9630,NetworkX Referencia,0.1796267032623291,9.195162719021546e-07
10000,7,752,Dijkstra Classico,9.812358140945435,4.997679424399664e-05
10000,7,752,Dijkstra Min-Heap,0.760369062423706,3.87633393481421e-06
10000,7,752,NetworkX Referencia,0.269193172454834,1.3742706783589095e-06
10000,7,5965,Dijkstra Classico,9.34883451461792,4.7615882148239734e-05
10000,7,5965,Dijkstra Min-Heap,0.8552584648132324,4.359677440023151e-06
10000,7,5965,NetworkX Referencia,0.2523503303527832,1.299054517944946e-06
10000,7,2506,Dijkstra Classico,9.172046184539795,4.67156969220688e-05
10000,7,2506,Dijkstra Min-Heap,0.7740709781646729,3.946694680280353e-06
10000,7,2506,NetworkX Referencia,0.23863649368286133,1.2184574078583013e-06
10000,7,4204,Dijkstra Classico,9.024223566055298,4.5964340523247745e-05
10000,7,4204,Dijkstra Min-Heap,0.7258505821228027,3.700356177596436e-06
10000,7,4204,NetworkX Referencia,0.23418593406677246,1.19592566921731e-06
10000,7,4827,Dijkstra Classico,8.959188222885132,4.563282339534146e-05
10000,7,4827,Dijkstra Min-Heap,1.0488460063934326,5.347018748440131e-06
10000,7,4827,NetworkX Referencia,0.27323150634765625,1.3946897393259966e-06
10000,8,5729,Dijkstra Classico,8.742233514785767,4.452733219679789e-05
10000,8,5729,Dijkstra Min-Heap,1.0351662635803223,5.277334594553486e-06
10000,8,5729,NetworkX Referencia,0.2701084613800049,1.3795184989120775e-06
10000,8,7146,Dijkstra Classico,9.128491640090942,4.650401756025395e-05
10000,8,7146,Dijkstra Min-Heap,0.7512924671173096,3.82976661530776e-06
10000,8,7146,NetworkX Referencia,0.1625525951385498,8.316379697233931e-07
10000,8,2350,Dijkstra Classico,9.346352100372314,4.7603570921560385e-05
10000,8,2350,Dijkstra Min-Heap,1.115295648574829,5.683484524270843e-06
10000,8,2350,NetworkX Referencia,0.16111111640930176,8.24221094273122e-07
10000,8,8325,Dijkstra Classico,10.084765672683716,5.136477695597943e-05
10000,8,8325,Dijkstra Min-Heap,0.7731053829193115,3.941414295620471e-06
10000,8,8325,NetworkX Referencia,0.1610424518585205,8.244269425064773e-07
10000,8,3688,Dijkstra Classico,10.62891697883606,5.4136829240644546e-05
10000,8,3688,Dijkstra Min-Heap,0.7700073719024658,3.9259421066063545e-06
10000,8,3688,NetworkX Referencia,0.1687619686126709,8.644677598990151e-07
10000,9,7822,Dijkstra Classico,10.579023838043213,5.388202749349142e-05
10000,9,7822,Dijkstra Min-Heap,0.7616841793060303,3.882714026515138e-06
10000,9,7822,NetworkX Referencia,0.16080713272094727,8.225636594046504e-07
10000,9,4036,Dijkstra Classico,10.558031558990479,5.377493365843751e-05
10000,9,4036,Dijkstra Min-Heap,0.7628703117370605,3.8895078137430224e-06
10000,9,4036,NetworkX Referencia,0.1595313549041748,8.160383230871112e-07
10000,9,8537,Dijkstra Classico,10.583128213882446,5.3902702319715846e-05
10000,9,8537,Dijkstra Min-Heap,0.7596724033355713,3.87288281375389e-06
10000,9,8537,NetworkX Referencia,0.16228485107421875,8.304168372205184e-07
10000,9,62,Dijkstra Classico,10.7154700756073,5.457839934909201e-05
10000,9,62,Dijkstra Min-Heap,0.5764689445495605,2.939798656192956e-06
10000,9,62,NetworkX Referencia,0.1644599437713623,8.417063206380746e-07
10000,9,6223,Dijkstra Classico,10.164792776107788,5.177160311691592e-05
10000,9,6223,Dijkstra Min-Heap,0.5516104698181152,2.8133871585441744e-06
10000,9,6223,NetworkX Referencia,0.24145078659057617,1.2328571680439057e-06
10000,10,4108,Dijkstra Classico,9.545235633850098,4.8616125417900156e-05
10000,10,4108,Dijkstra Min-Heap,0.7551190853118896,3.849604182140095e-06
10000,10,4108,NetworkX Referencia,0.2704932689666748,1.3810052412242959e-06
10000,10,9443,Dijkstra Classico,9.197853088378906,4.684741421861769e-05
10000,10,9443,Dijkstra Min-Heap,0.8555374145507812,4.36176822335987e-06
10000,10,9443,NetworkX Referencia,0.2741963863372803,1.4000036945675496e-06
10000,10,5193,Dijkstra Classico,9.131584167480469,4.651064589841669e-05
10000,10,5193,Dijkstra Min-Heap,0.7818963527679443,3.985974377821057e-06
10000,10,5193,NetworkX Referencia,0.24938678741455078,1.2731386798815095e-06
10000,10,1615,Dijkstra Classico,8.996102571487427,4.582164605094244e-05
10000,10,1615,Dijkstra Min-Heap,0.750361442565918,3.828773903431059e-06
10000,10,1615,NetworkX Referencia,0.5021264553070068,2.5608044371530224e-06
10000,10,2258,Dijkstra Classico,8.759888172149658,4.461733834348181e-05
10000,10,2258,Dijkstra Min-Heap,1.0327856540679932,5.267037284126347e-06
10000,10,2258,NetworkX Referencia,0.25637054443359375,1.3090121559347758e-06
10000,11,2463,Dijkstra Classico,9.013336658477783,4.590798682725757e-05
10000,11,2463,Dijkstra Min-Heap,0.773766040802002,3.950900409092512e-06
10000,11,2463,NetworkX Referencia,0.26250171661376953,1.340023575207706e-06
10000,11,5840,Dijkstra Classico,9.318188190460205,4.745991443291172e-05
10000,11,5840,Dijkstra Min-Heap,1.034083366394043,5.271689724658376e-06
10000,11,5840,NetworkX Referencia,0.1572716236114502,8.04744239083317e-07
10000,11,5087,Dijkstra Classico,9.589478015899658,4.884271329241731e-05
10000,11,5087,Dijkstra Min-Heap,1.0205397605895996,5.202660019955949e-06
10000,11,5087,NetworkX Referencia,0.16636180877685547,8.512290286700914e-07
10000,11,4365,Dijkstra Classico,10.30792498588562,5.250158647692059e-05
10000,11,4365,Dijkstra Min-Heap,0.7602746486663818,3.876714008620127e-06
10000,11,4365,NetworkX Referencia,0.16164493560791016,8.27233479060191e-07
10000,11,9475,Dijkstra Classico,10.64608097076416,5.4223485965070105e-05
10000,11,9475,Dijkstra Min-Heap,0.7808301448822021,3.980565798995534e-06
10000,11,9475,NetworkX Referencia,0.17058467864990234,8.733025400524319e-07
10000,12,7877,Dijkstra Classico,10.567468404769897,5.382355214982707e-05
10000,12,7877,Dijkstra Min-Heap,0.7576901912689209,3.862475580737748e-06
10000,12,7877,NetworkX Referencia,0.1622328758239746,8.299301119294319e-07
10000,12,897,Dijkstra Classico,10.571758031845093,5.3844729901090606e-05
10000,12,897,Dijkstra Min-Heap,0.7593121528625488,3.871015812365721e-06
10000,12,897,NetworkX Referencia,0.16543126106262207,8.473995476868876e-07
10000,12,6395,Dijkstra Classico,10.542013168334961,5.369323201616579e-05
10000,12,6395,Dijkstra Min-Heap,0.7347977161407471,3.7463190704513957e-06
10000,12,6395,NetworkX Referencia,0.1597461700439453,8.173630457606934e-07
10000,12,3934,Dijkstra Classico,10.603012561798096,5.400362721712169e-05
10000,12,3934,Dijkstra Min-Heap,0.543020486831665,2.7699974744863427e-06
10000,12,3934,NetworkX Referencia,0.16013145446777344,8.194931061630884e-07
10000,12,5011,Dijkstra Classico,9.890056133270264,5.0373272618448067e-05
10000,12,5011,Dijkstra Min-Heap,0.5349571704864502,2.72835663480921e-06
10000,12,5011,NetworkX Referencia,0.46613359451293945,2.3774214499944934e-06
10000,13,6608,Dijkstra Classico,9.302535772323608,4.7380133089523794e-05
10000,13,6608,Dijkstra Min-Heap,0.764305830001831,3.896797336355529e-06
10000,13,6608,NetworkX Referencia,0.24987339973449707,1.275847082892349e-06
10000,13,3100,Dijkstra Classico,9.259429693222046,4.716083282872841e-05
10000,13,3100,Dijkstra Min-Heap,0.7451515197753906,3.7989069590852955e-06
10000,13,3100,NetworkX Referencia,0.25301170349121094,1.2918563415545931e-06
10000,13,9907,Dijkstra Classico,9.067726373672485,4.6184680582773335e-05
10000,13,9907,Dijkstra Min-Heap,0.7805862426757812,3.979305092630192e-06
10000,13,9907,NetworkX Referencia,0.23271441459655762,1.1880894228413098e-06
10000,13,9437,Dijkstra Classico,9.009562492370605,4.5888539122773624e-05
10000,13,9437,Dijkstra Min-Heap,1.0899336338043213,5.555323698931413e-06
10000,13,9437,NetworkX Referencia,0.27820634841918945,1.420283807393276e-06
10000,13,8489,Dijkstra Classico,8.853706121444702,4.5094839385895106e-05
10000,13,8489,Dijkstra Min-Heap,1.0859267711639404,5.534348874291659e-06
10000,13,8489,NetworkX Referencia,0.25781798362731934,1.3165348879024192e-06
10000,14,1849,Dijkstra Classico,9.411136865615845,4.793343029619801e-05
10000,14,1849,Dijkstra Min-Heap,0.8187685012817383,4.17325629104276e-06
10000,14,1849,NetworkX Referencia,0.16709160804748535,8.551449038460057e-07
10000,14,8838,Dijkstra Classico,10.011241436004639,5.0990187625582434e-05
10000,14,8838,Dijkstra Min-Heap,0.7253432273864746,3.6977548172896233e-06
10000,14,8838,NetworkX Referencia,0.18603205680847168,9.52018506573028e-07
10000,14,2110,Dijkstra Classico,10.805964469909668,5.503843096128678e-05
10000,14,2110,Dijkstra Min-Heap,0.5552971363067627,2.832352748510907e-06
10000,14,2110,NetworkX Referencia,0.17121219635009766,8.758193801279729e-07
10000,14,9972,Dijkstra Classico,10.874828577041626,5.5388093056763825e-05
10000,14,9972,Dijkstra Min-Heap,0.5651288032531738,2.8836481329930457e-06
10000,14,9972,NetworkX Referencia,0.1604619026184082,8.211078364883212e-07
10000,14,127,Dijkstra Classico,10.750118732452393,5.4753043685938096e-05
10000,14,127,Dijkstra Min-Heap,0.7670567035675049,3.910551416559086e-06
10000,14,127,NetworkX Referencia,0.17218375205993652,8.808258031238032e-07
10000,15,9623,Dijkstra Classico,10.570807456970215,5.3839830480732005e-05
10000,15,9623,Dijkstra Min-Heap,0.7685770988464355,3.918018769262761e-06
10000,15,9623,NetworkX Referencia,0.16857457160949707,8.625887936138618e-07
10000,15,450,Dijkstra Classico,10.766514778137207,5.4836526344781373e-05
10000,15,450,Dijkstra Min-Heap,0.5438418388366699,2.7735112959701367e-06
10000,15,450,NetworkX Referencia,0.16132473945617676,8.252251053342188e-07
10000,15,6043,Dijkstra Classico,10.37322998046875,5.2833229466215764e-05
10000,15,6043,Dijkstra Min-Heap,0.5611357688903809,2.862041799448959e-06
10000,15,6043,NetworkX Referencia,0.2501862049102783,1.2776995079539936e-06
10000,15,8487,Dijkstra Classico,9.758582353591919,4.970272285088966e-05
10000,15,8487,Dijkstra Min-Heap,0.557213306427002,2.841713239978503e-06
10000,15,8487,NetworkX Referencia,0.2645304203033447,1.3509925317860904e-06
10000,15,2888,Dijkstra Classico,9.431417465209961,4.803660927682178e-05
10000,15,2888,Dijkstra Min-Heap,0.6143207550048828,3.1344927193863387e-06
10000,15,2888,NetworkX Referencia,0.24147891998291016,1.23910010234775e-06
